Id magasin;Nom d'usage;Statut;CADANA : Anabel;Surface de Vente;Cluster;Cluster Profil de Clientèle;Magasin Saisonnier;Date ouverture public;Date fermeture public;Nombre Caisses (hors SCO et périphéries);Nombre total de Caisses SCO
"";;statut;anabel;surface-vente;parm-cluster;cluster-comm;saisonnier;dte-ouv;dte-ferme;parm-nb-cais-hor-sco;parm-nb-sco
5668;ABBEVILLE -AMIENS;FRANCHISE;1765;000000933;Petit Centre-Ville;Malin;;11/11/2015;;8;0
955;ABBEVILLE -CORDELIER;INTEGRE;7826;000002867;Grands magasins de périphérie;Dynamique;;22/09/1987;;10;8
803;AIGUEPERSE -CLERMONT;FRANCHISE;7654;000001650;Banlieue Résidentielle;Malin;;31/05/2018;;6;0
410;AIRAINES;INTEGRE;7639;000002501;Grands magasins de périphérie;Dynamique;;01/07/2007;;10;0
899;AIRE S/L'ADOUR;FRANCHISE;8581;000001650;Ruraux;Malin;;01/06/2007;;7;0
5645;AIX -LES DEUX ORMES;FRANCHISE;1698;000000865;Centre Urbain;Urbain pratique;;22/06/2015;;5;0
7148;AIX EN PRO -LAPIERRE;FRANCHISE;1956;000000911;Centre Urbain;Urbain pratique;;01/11/2016;;0;0
694;AIX LES B -VERLAINE;FRANCHISE;7738;000001800;Centre Urbain;Urbain pratique;;07/06/2006;;7;4
605;AIX NOULETTE;FRANCHISE;7936;000001193;Banlieue Résidentielle;Malin;;01/06/1984;;5;0
585;AJACCIO -ALBERT 1ER;FRANCHISE;8335;000001000;Centre Urbain;Urbain pratique;saisonnier été;03/03/2009;;5;0
831;ALBERTVILLE -DE GAUL;FRANCHISE;8005;000002493;Grands magasins de périphérie;Malin;;01/07/1984;;9;0
469;ALBERTVILLE -DU ROY;FRANCHISE;8241;000002235;Grands magasins de périphérie;Malin;;01/11/1970;;9;0
1211;ALENCON -PAPIN;FRANCHISE;8105;000001383;Petit Centre-Ville;Malin;;31/05/1995;;7;0
659;ALENCON -QUAKENBRUCK;INTEGRE;7596;000003916;Grands magasins de périphérie;Malin;;20/04/2004;;11;0
1680;ALLAUCH;FRANCHISE;1671;000001540;Banlieue Résidentielle;Dynamique;;28/04/2015;;10;0
842;AMBERIEU EN BUGEY;INTEGRE;7469;000003280;Grands magasins de périphérie;Dynamique;;16/11/1977;;11;8
835;AMBERT;FRANCHISE;8006;000002512;Ruraux;Malin;saisonnier été;01/12/1980;;10;0
746;AMBON MUZILLAC;FRANCHISE;8589;000002590;Banlieue Résidentielle;Malin;saisonnier été;03/11/2007;;11;0
1131;AMENDEUIX ONEIX;FRANCHISE;8460;000001490;Ruraux;Malin;;30/08/2016;;7;0
623;AMIENS;FRANCHISE;7937;000001881;Grands magasins de périphérie;Urbain pratique;;29/04/1994;;8;8
489;AMPLEPUIS;FRANCHISE;8256;000001380;Ruraux;Dynamique;;28/03/1990;;6;0
456;ANNECY LE VIEUX;FRANCHISE;8230;000001950;Banlieue Résidentielle;Dynamique;;01/10/1988;;14;0
5669;ANNEMASSE -BONNEVILL;FRANCHISE;1821;000000997;Petit Centre-Ville;Malin;;01/12/2016;;6;0
590;ANNEMASSE -FLORISSAN;INTEGRE;8340;000001950;Petit Centre-Ville;Dynamique;;01/01/1990;;7;5
829;ANNEMASSE LE PERRIER;INTEGRE;8007;000001289;Petit Centre-Ville;Malin;;01/12/1975;;7;0
403;ANNOEULLIN;INTEGRE;7629;000002843;Grands magasins de périphérie;Dynamique;;01/07/2007;;10;4
1159;ANSE;FRANCHISE;8570;000001850;Banlieue Résidentielle;Dynamique;;26/09/2007;;11;0
958;ANTIBES -GRASSE;INTEGRE;7827;000001404;Centre Urbain;Dynamique;;23/02/1988;;8;0
7262;ANTIBES -NICE;FRANCHISE;6607;000000990;Banlieue Résidentielle;Urbain pratique;saisonnier été;11/04/2017;;8;0
338;ANTIBES -PASTEUR;FRANCHISE;8178;000001197;Centre Urbain;Urbain pratique;saisonnier été;01/07/1999;;3;3
5650;ANTIBES -TERRIERS;FRANCHISE;1723;000000921;Banlieue Résidentielle;Urbain pratique;;01/05/2016;;5;0
749;ANZIN -VALMONT;INTEGRE;7607;000001700;Petit Centre-Ville;Malin;;18/03/2008;;6;4
550;ARCIS S/AUBE;FRANCHISE;8302;000002000;Ruraux;Malin;;11/10/1989;;7;0
736;ARGELES GAZOST;INTEGRE;7613;000003000;Grands magasins de périphérie;Malin;saisonnier été-hiver;24/10/2007;;11;4
1209;ARGENTAN -CHAMPAGNE;FRANCHISE;8106;000002955;Grands magasins de périphérie;Malin;;26/10/1972;;8;0
1090;ARGENTON S/CREUSE;INTEGRE;7655;000002551;Ruraux;Malin;;01/07/1982;;8;4
775;ARQUES -FRAIS FONDS;FRANCHISE;8688;000002000;Petit Centre-Ville;Malin;;08/09/2010;;10;0
602;ARRAS -ROSATI;FRANCHISE;7939;000001480;Centre Urbain;Urbain pratique;;31/05/2017;;7;0
1140;ARUDY;FRANCHISE;8459;000002000;Ruraux;Malin;;06/06/2016;;8;0
980;ASNIERES S/SEINE;FRANCHISE;8522;000001800;Centre Urbain;Urbain pratique;;01/04/1980;;7;4
5673;AUBAGNE;FRANCHISE;1769;000000824;Centre Urbain;Malin;;01/12/2017;;5;0
1176;AUBENAS -CROISETTE;FRANCHISE;8008;000002183;Grands magasins de périphérie;Malin;;13/07/1995;;10;0
622;AUBIGNY AU BAC;FRANCHISE;7940;000001138;Banlieue Résidentielle;Dynamique;;24/06/1992;;6;0
609;AUBIGNY EN ARTOIS;INTEGRE;7941;000001610;Banlieue Résidentielle;Dynamique;;01/05/1989;;7;0
701;AUBIGNY S/NERE;INTEGRE;7618;000002500;Ruraux;Malin;;11/05/2006;;12;0
1089;AUBUSSON;INTEGRE;7656;000002650;Ruraux;Malin;;14/10/1981;;11;0
362;AUCHEL -ALLOUAGNE;INTEGRE;7942;000002980;Banlieue Résidentielle;Malin;;27/04/1988;;10;0
579;AUCHEL -GANDHI;INTEGRE;7828;000001200;Banlieue Résidentielle;Malin;;01/11/1998;;6;0
808;AUDENGE;FRANCHISE;8965;000001800;Ruraux;Malin;;12/09/2012;;8;0
601;AUDRUICQ;INTEGRE;7943;000002990;Grands magasins de périphérie;Dynamique;;17/12/1980;;8;4
490;AUDUN LE TICHE;FRANCHISE;8257;000002820;Petit Centre-Ville;Dynamique;;08/11/1990;;13;4
1039;AUNEUIL;FRANCHISE;7766;000002000;Banlieue Résidentielle;Malin;;01/08/1993;;8;0
1264;AURAY -DE GAULLE;INTEGRE;8076;000000775;Petit Centre-Ville;Malin;;24/04/1974;;5;0
780;AUSSONNE;FRANCHISE;8844;000002000;Banlieue Résidentielle;Malin;;01/01/1988;;8;0
1160;AUTERIVE MIDI;INTEGRE;8938;000003918;Grands magasins de périphérie;Dynamique;;31/08/1988;;16;4
1015;AUTREVILLE;FRANCHISE;7767;000002000;Banlieue Résidentielle;Malin;;01/06/1968;;7;0
1094;AUXERRE;INTEGRE;7657;000002664;Grands magasins de périphérie;Malin;;01/08/1994;;10;0
603;AVESNES LE COMTE;FRANCHISE;7944;000001570;Banlieue Résidentielle;Dynamique;;09/11/1980;;7;0
1157;AVESNES LES AUBERT;FRANCHISE;8304;000001800;Ruraux;Dynamique;;13/09/1985;;7;0
978;AVESNES S/H -LANDREC;INTEGRE;7829;000001698;Ruraux;Dynamique;;02/10/1993;;7;4
953;AVION;INTEGRE;7830;000001912;Banlieue Résidentielle;Malin;;02/09/1968;;6;0
938;AVON -ROOSEVELT;INTEGRE;7831;000002994;Grands magasins de périphérie;Dynamique;;01/05/1971;;14;8
1271;AVRANCHES;FRANCHISE;8077;000001187;Petit Centre-Ville;Malin;;05/01/1988;;5;0
1219;AVRILLE -MENDESFRANC;FRANCHISE;8108;000001688;Petit Centre-Ville;Malin;;01/10/2018;;9;0
343;AYTRE;INTEGRE;8427;000002926;Grands magasins de périphérie;Malin;;01/07/1998;;9;4
1243;AZAY LE RIDEAU;FRANCHISE;8580;000002500;Grands magasins de périphérie;Dynamique;saisonnier été;01/02/2007;;10;0
1284;BADEN;FRANCHISE;8078;000002450;Banlieue Résidentielle;Malin;saisonnier été;01/06/1995;;7;3
437;BAGNERES DE BIGORRE;FRANCHISE;7736;000001770;Ruraux;Malin;;01/09/2004;;9;0
740;BAGNOLS S/CEZE -NIME;INTEGRE;7612;000003500;Grands magasins de périphérie;Dynamique;;05/12/2007;;14;4
1047;BAILLY EN ROMAINVILL;INTEGRE;7768;000001415;Petit Centre-Ville;Malin;;01/09/1997;;7;4
628;BAISIEUX;FRANCHISE;7945;000002545;Banlieue Résidentielle;Dynamique;;02/12/1987;;12;0
428;BALBIGNY;FRANCHISE;8204;000001128;Ruraux;Malin;;25/02/1987;;5;0
707;BALLANCOURT;FRANCHISE;7641;000002811;Banlieue Résidentielle;Dynamique;;20/06/2006;;13;0
491;BANDOL -LA GARDUERE;FRANCHISE;8259;000001800;Banlieue Résidentielle;Urbain pratique;saisonnier été;28/04/1989;;12;0
532;BANYULS;FRANCHISE;8288;000001320;Ruraux;Malin;saisonnier été;30/05/1990;;8;0
607;BAPAUME -DAVION;FRANCHISE;7946;000002300;Grands magasins de périphérie;Malin;;12/10/1988;;10;0
949;BAR S/AUBE;FRANCHISE;7833;000002969;Grands magasins de périphérie;Malin;;01/09/1976;;12;0
1155;BARAQUEVILLE;FRANCHISE;4003;000002083;Ruraux;Malin;saisonnier été;01/05/2018;;10;0
542;BARCELONNETTE;FRANCHISE;8296;000001500;Ruraux;Malin;saisonnier été;05/12/1990;;9;0
776;BARLIN -VERTE PLAINE;FRANCHISE;8689;000001800;Banlieue Résidentielle;Dynamique;;02/12/2009;;8;0
866;BARNEVILLE CARTERET;FRANCHISE;8362;000002772;Ruraux;Malin;saisonnier été;09/12/1992;;12;0
793;BAUD;FRANCHISE;8935;000002343;Ruraux;Malin;;06/07/2010;;10;
580;BAUVIN;FRANCHISE;7834;000001550;Banlieue Résidentielle;Malin;;06/11/1991;;8;0
492;BAVAY;FRANCHISE;8260;000000950;Banlieue Résidentielle;Dynamique;;01/08/2018;;6;0
600;BAYONNE -MARRACQ;INTEGRE;8455;000001700;Petit Centre-Ville;Malin;;31/05/1984;;7;4
1101;BEAUMONT;INTEGRE;7658;000001430;Petit Centre-Ville;Urbain pratique;;01/09/1989;;5;4
461;BEAUMONT LE ROGER;FRANCHISE;8234;000002042;Banlieue Résidentielle;Dynamique;;30/03/1988;;8;0
802;BEAURAINS -BOREAL;INTEGRE;9002;000003628;Grands magasins de périphérie;Malin;;15/11/2011;;10;4
621;BEAURAINVILLE;FRANCHISE;7948;000001926;Banlieue Résidentielle;Malin;;06/05/1985;;8;0
543;BEAUREPAIRE;FRANCHISE;8297;000001800;Ruraux;Malin;;01/11/1981;;6;0
729;BEAUTIRAN;FRANCHISE;6997;000002425;Banlieue Résidentielle;Malin;;28/11/2012;;11;0
680;BEAUZELLE;INTEGRE;7591;000002474;Petit Centre-Ville;Dynamique;;01/04/2009;;8;4
1153;BEDARIEUX;FRANCHISE;4001;000002650;Ruraux;Malin;;01/01/2014;;10;0
638;BELFORT -BOHN;FRANCHISE;7549;000001750;Centre Urbain;Urbain pratique;;09/10/2002;;8;0
702;BELLAC 2;INTEGRE;7619;000002600;Ruraux;Malin;;10/05/2006;;10;4
539;BELLEGARDE ARENES;FRANCHISE;8293;000001495;Petit Centre-Ville;Malin;;24/01/1991;;7;0
1168;BELLEGARDE S/VAL-REP;INTEGRE;8009;000001850;Grands magasins de périphérie;Dynamique;;26/03/1969;;9;0
841;BELLEVILLE (69);INTEGRE;8010;000003412;Grands magasins de périphérie;Dynamique;;01/12/1988;;14;4
868;BENODET;INTEGRE;7635;000002741;Petit Centre-Ville;Malin;saisonnier été;01/09/2004;;9;4
956;BERCK -SOUBITEZ;INTEGRE;7835;000002316;Petit Centre-Ville;Malin;;01/01/1984;;6;4
1138;BERGERAC;FRANCHISE;8464;000001464;Petit Centre-Ville;Malin;;31/12/1969;;6;0
728;BERGERAC -ST ALVERE;FRANCHISE;6998;000002650;Grands magasins de périphérie;Malin;;14/01/2013;;13;0
1230;BERNAY;FRANCHISE;8110;000001482;Petit Centre-Ville;Malin;;31/08/1992;;7;0
653;BERRE L'ETANG;FRANCHISE;7652;000001680;Banlieue Résidentielle;Dynamique;;30/09/1976;;7;2
526;BESSEGES;FRANCHISE;8283;000001687;Ruraux;Malin;;20/12/1988;;7;0
1019;BETHISY ST PIERRE;FRANCHISE;7769;000001560;Ruraux;Malin;;01/06/1988;;6;0
364;BETHUNE -BAR;FRANCHISE;8557;000001200;Petit Centre-Ville;Malin;;01/10/2007;;6;0
957;BETHUNE -LILLE 655;FRANCHISE;7836;000001632;Petit Centre-Ville;Malin;;01/05/1985;;7;0
1278;BETTON;FRANCHISE;7438;000001615;Petit Centre-Ville;Dynamique;;01/08/2018;;10;0
618;BEUVRY;FRANCHISE;7949;000001300;Banlieue Résidentielle;Malin;;04/07/2016;;6;0
485;BEUZEVILLE;FRANCHISE;8254;000001616;Banlieue Résidentielle;Dynamique;;12/07/1989;;8;0
17142;BEZONS;FRANCHISE;4272;000002911;Centre Urbain;Urbain pratique;;;;9;8
548;BIHOREL;FRANCHISE;7533;000001650;Centre Urbain;Urbain pratique;;17/05/2005;;7;0
1018;BLAGNY;FRANCHISE;7770;000001650;Ruraux;Malin;;01/08/1987;;8;0
1286;BLAINVILLE S/MER;INTEGRE;8080;000002465;Banlieue Résidentielle;Malin;saisonnier été;01/03/1996;;10;0
1250;BLERE -TOURS;FRANCHISE;8111;000001523;Banlieue Résidentielle;Malin;;06/03/1985;;8;0
1109;BLOIS -CHAVY;FRANCHISE;7659;000001597;Petit Centre-Ville;Malin;;11/06/1980;;8;0
1075;BLOIS -QUINIERE;FRANCHISE;7660;000002100;Petit Centre-Ville;Malin;;05/02/1975;;8;0
400;BOIS EN ARDRES;FRANCHISE;7970;000002121;Grands magasins de périphérie;Malin;;01/01/1980;;9;0
1218;BOIS GUILLAUME -BOCQ;INTEGRE;8112;000002823;Banlieue Résidentielle;Dynamique;;21/04/1982;;10;4
1234;BOIS GUILLAUME -MAIR;INTEGRE;8113;000001800;Banlieue Résidentielle;Urbain pratique;;01/07/1969;;6;4
614;BOISMONT;FRANCHISE;7950;000001800;Banlieue Résidentielle;Malin;saisonnier été;24/04/1991;;6;0
354;BONDUES -RN;INTEGRE;7971;000002780;Banlieue Résidentielle;Dynamique;;17/11/1999;;12;0
1551;BONNEVAL -LOUVETERIE;INTEGRE;3277;000002911;Ruraux;Malin;;10/09/1984;;9;0
670;BONNEVILLE -BORDETS;INTEGRE;8180;000004500;Grands magasins de périphérie;Dynamique;;28/09/2004;;15;5
8287;BONS EN CHABLAIS;FRANCHISE;6609;000000908;Ruraux;Malin;;03/11/2016;;4;0
710;BORDEAUX -BASTIDE;INTEGRE;7616;000002000;Centre Urbain;Urbain pratique;;14/11/2006;;8;4
555;BORDEAUX -DELATTRE;FRANCHISE;8307;000001995;Centre Urbain;Urbain pratique;;04/11/1986;;6;5
905;BORDEAUX -FERRY;FRANCHISE;8468;000002890;Centre Urbain;Urbain pratique;;04/11/1986;;16;4
15225;BORDEAUX -FONDAU 142;FRANCHISE;2513;000000836;Centre Urbain;Urbain pratique;;26/10/2020;;7;5
349;BORDEAUX -GDS HOMMES;INTEGRE;7729;000000900;Centre Urbain;Urbain premium;;17/11/1999;;9;4
350;BORDEAUX -ST JEAN;INTEGRE;7728;000001995;Centre Urbain;Urbain pratique;;31/08/2000;;8;4
534;BORDEAUX -V.HUGO;INTEGRE;7735;000002200;Centre Urbain;Urbain pratique;;01/02/2004;;10;8
895;BORGO;FRANCHISE;8385;000003760;Grands magasins de périphérie;Dynamique;;29/11/1995;;13;4
924;BORT LES ORGUES;FRANCHISE;8429;000003524;Grands magasins de périphérie;Malin;saisonnier été;06/11/1998;;11;0
916;BOSC LE HARD;INTEGRE;7520;000001986;Banlieue Résidentielle;Dynamique;;18/05/1994;;9;0
855;BOUCHAIN;INTEGRE;7737;000002508;Banlieue Résidentielle;Malin;;01/02/2008;;8;4
367;BOULOGNE -NORD;FRANCHISE;7973;000001810;Petit Centre-Ville;Malin;;01/07/1976;;8;0
365;BOULOGNE -SUD;FRANCHISE;7974;000001800;Petit Centre-Ville;Malin;;01/04/1968;;8;0
931;BOULOGNE BILLANCOURT;FRANCHISE;7837;000003200;Centre Urbain;Urbain premium;;01/02/1997;;13;9
366;BOULOGNE S/M -LIANE;FRANCHISE;7972;000001650;Petit Centre-Ville;Malin;;02/10/2017;;8;0
1116;BOURBON L'ARCHAMBAUL;INTEGRE;7661;000002206;Ruraux;Malin;;03/02/1982;;6;4
864;BOURBONNE LES BAINS;FRANCHISE;8359;000002040;Ruraux;Malin;saisonnier été;15/11/1992;;6;0
355;BOURBOURG;INTEGRE;7975;000000961;Banlieue Résidentielle;Malin;;01/03/1986;;4;2
423;BOURG ACHARD;FRANCHISE;8201;000001852;Banlieue Résidentielle;Dynamique;;18/11/1987;;8;0
1170;BOURG EN BR -MARBOZ;FRANCHISE;8011;000002486;Petit Centre-Ville;Malin;;26/10/1993;;10;0
642;BOURG EN BR -SAMARIT;FRANCHISE;7590;000001000;Petit Centre-Ville;Malin;;01/01/2007;;6;0
882;BOURG LA REINE;FRANCHISE;7574;000002000;Centre Urbain;Urbain premium;;01/05/2006;;10;4
876;BOURG S/GIRONDE;FRANCHISE;8380;000002490;Petit Centre-Ville;Dynamique;;01/01/1993;;8;0
1102;BOURGANEUF;INTEGRE;7662;000002470;Ruraux;Malin;;04/07/1979;;10;0
1070;BOURGES -AEROPORT;FRANCHISE;7663;000001320;Petit Centre-Ville;Dynamique;;30/09/1971;;7;0
720;BOURGES -DUN S/AURON;FRANCHISE;8538;000002000;Ruraux;Malin;;22/02/2007;;9;0
1069;BOURGES -GIBJONCS;FRANCHISE;7665;000001697;Centre Urbain;Malin;;27/11/1969;;10;0
779;BOURISP;FRANCHISE;8842;000001600;Ruraux;Malin;saisonnier été-hiver;21/10/2009;;8;4
1080;BOUSSAC -BOURBONNAIS;INTEGRE;7666;000001770;Ruraux;Malin;;07/09/1977;;7;0
1063;BRAINE;FRANCHISE;8542;000001200;Banlieue Résidentielle;Malin;;02/08/1989;;4;0
584;BRAM;FRANCHISE;8334;000001910;Ruraux;Malin;;01/10/1992;;8;0
544;BRANNE -GREZILLAC;FRANCHISE;7838;000002159;Ruraux;Dynamique;;01/10/1989;;7;0
13838;BRANTOME;FRANCHISE;0291;000002000;Ruraux;Malin;;23/05/2018;;6;3
613;BRAY DUNES -DECOCK;FRANCHISE;8433;000002016;Banlieue Résidentielle;Dynamique;saisonnier été;01/02/1999;;11;0
970;BRAY S/SEINE;FRANCHISE;7839;000001909;Banlieue Résidentielle;Dynamique;;28/08/1990;;8;0
986;BREAL S/S MONTFORT;FRANCHISE;8479;000002499;Banlieue Résidentielle;Dynamique;;03/10/2000;;0;4
902;BRESSUIRE -EUROPE;INTEGRE;7841;000003416;Grands magasins de périphérie;Malin;;01/01/1988;;8;4
940;BREST -BELLEVUE;FRANCHISE;7843;000002100;Centre Urbain;Urbain pratique;;05/09/1973;;8;4
696;BRETEUIL -HIEBLES;FRANCHISE;8189;000002900;Grands magasins de périphérie;Malin;;04/07/2016;;12;0
888;BRETEUIL S/ITON;FRANCHISE;8393;000002929;Grands magasins de périphérie;Malin;;06/07/1994;;9;0
935;BRETTEVILLE S/ODON;FRANCHISE;7844;000001884;Banlieue Résidentielle;Dynamique;;21/04/1982;;10;0
1038;BREUILLET -ST CHERON;INTEGRE;7772;000002348;Banlieue Résidentielle;Dynamique;;01/06/1993;;12;0
529;BRIANCON;INTEGRE;8285;000004080;Grands magasins de périphérie;Dynamique;saisonnier été;25/01/1989;;18;0
1082;BRIARE;FRANCHISE;7667;000001960;Ruraux;Malin;;01/07/1978;;8;
572;BRIE COMTE ROBERT;FRANCHISE;8325;000001487;Petit Centre-Ville;Dynamique;;01/01/1992;;8;0
1245;BRIONNE;FRANCHISE;8115;000001730;Banlieue Résidentielle;Dynamique;;18/02/1976;;8;0
429;BRIOUDE;INTEGRE;7630;000003814;Grands magasins de périphérie;Dynamique;;01/08/2007;;14;0
861;BRUNOY;FRANCHISE;7597;000002370;Banlieue Résidentielle;Dynamique;;01/01/2007;;9;4
693;BUCHY;INTEGRE;7649;000002045;Banlieue Résidentielle;Dynamique;;24/01/2006;;8;4
611;BULLY LES MINES;INTEGRE;7951;000001200;Petit Centre-Ville;Malin;;22/04/1980;;6;0
715;BUSSY ST G -MARTEL;INTEGRE;7623;000002124;Petit Centre-Ville;Dynamique;;18/10/2007;;10;4
1088;BUZANCAIS;FRANCHISE;7668;000001798;Ruraux;Malin;;30/04/1980;;8;0
770;CABOURG;FRANCHISE;8643;000002700;Petit Centre-Ville;Dynamique;saisonnier été;01/04/2016;;11;4
5663;CACHAN -CENTRE;FRANCHISE;1822;000000871;Petit Centre-Ville;Urbain pratique;;12/04/2016;;6;0
860;CACHAN -EUROPE;FRANCHISE;7846;000001989;Centre Urbain;Urbain pratique;;01/03/1989;;10;0
5659;CAGNY (80);FRANCHISE;1774;000000847;Banlieue Résidentielle;Malin;;26/10/2015;;5;0
368;CALAIS -VIRVAL;FRANCHISE;7976;000001500;Petit Centre-Ville;Malin;;01/01/1983;;8;0
690;CALAIS COEUR DE VIE;FRANCHISE;7640;000002451;Grands magasins de périphérie;Malin;;28/02/2006;;11;4
5651;CALLIAN;FRANCHISE;1724;000000884;Ruraux;Malin;saisonnier été;01/09/2015;;5;0
582;CAMBRAI;FRANCHISE;8332;000002026;Petit Centre-Ville;Malin;;06/11/1991;;10;0
527;CANNES -MEYNADIER 2;FRANCHISE;7602;000001200;Centre Urbain;Urbain pratique;saisonnier été;01/10/2018;;7;0
398;CANNES LA BOCCA;INTEGRE;8627;000003000;Grands magasins de périphérie;Dynamique;;01/01/1997;;12;8
425;CANY BARVILLE;INTEGRE;7515;000001558;Banlieue Résidentielle;Dynamique;;01/11/1984;;7;4
419;CAPPELLE LA GRANDE;FRANCHISE;8197;000001506;Banlieue Résidentielle;Dynamique;;01/04/1987;;6;0
8778;CARBONNE;FRANCHISE;3173;000002790;Ruraux;Malin;;27/04/2016;;10;0
571;CARENTAN;FRANCHISE;7764;000002280;Ruraux;Malin;;02/09/1991;;10;0
7533;CASTELNAU LE LEZ;FRANCHISE;6647;000000797;Petit Centre-Ville;Malin;;01/02/2018;;4;0
484;CAUDEBEC EN CAUX;FRANCHISE;8253;000001404;Banlieue Résidentielle;Malin;;01/01/1985;;6;0
551;CAVALAIRE S/MER;FRANCHISE;8303;000002560;Banlieue Résidentielle;Dynamique;saisonnier été;24/10/1990;;16;0
536;CAZERES;FRANCHISE;8292;000003532;Ruraux;Malin;;11/07/1990;;12;0
586;CAZOULS LES BEZIERS;FRANCHISE;8336;000002990;Ruraux;Malin;;23/05/1991;;14;4
1256;CERANS FOULLETOURTE;FRANCHISE;8598;000001634;Banlieue Résidentielle;Dynamique;;21/10/1992;;7;0
494;CERET;FRANCHISE;8262;000001843;Ruraux;Malin;;29/06/1988;;7;0
1111;CHALETTE S/LOING;FRANCHISE;7669;000001788;Petit Centre-Ville;Malin;;01/07/2016;;8;0
7120;CHALONS CHAMP -MA FR;FRANCHISE;6532;000001800;Petit Centre-Ville;Malin;;07/06/2017;;7;0
386;CHAMONIX -LE BETTY;FRANCHISE;8444;000000750;Ruraux;Malin;saisonnier été-hiver;10/12/2011;;0;
1032;CHAMPAGNE S/SEINE;FRANCHISE;7773;000001948;Banlieue Résidentielle;Malin;;01/09/1990;;8;0
1259;CHANGE LES LAVAL;FRANCHISE;8446;000001563;Petit Centre-Ville;Malin;;02/11/2002;;7;0
1046;CHANTILLY;FRANCHISE;7774;000001621;Petit Centre-Ville;Malin;;01/11/1996;;7;0
488;CHARLEVAL;INTEGRE;7571;000001500;Banlieue Résidentielle;Dynamique;;01/03/2006;;8;0
430;CHARNAY LES MACON;FRANCHISE;8206;000002500;Petit Centre-Ville;Dynamique;;01/09/2018;;13;4
1275;CHARTRES DE BRETAGNE;INTEGRE;8081;000002881;Grands magasins de périphérie;Dynamique;;21/10/1992;;10;5
1057;CHARTRETTES;INTEGRE;7824;000001850;Banlieue Résidentielle;Dynamique;;16/10/1985;;9;0
826;CHASSIEU;FRANCHISE;8013;000001772;Banlieue Résidentielle;Dynamique;;01/03/1983;;11;0
1212;CHATEAU GONTIER;FRANCHISE;8116;000001430;Petit Centre-Ville;Malin;;20/08/1975;;7;0
1020;CHATEAU LANDON;FRANCHISE;7775;000001487;Ruraux;Malin;;01/07/1988;;6;0
1239;CHATEAU RENAULT;FRANCHISE;8117;000001670;Banlieue Résidentielle;Malin;;04/07/1979;;8;0
1272;CHATEAUBRIANT;FRANCHISE;7519;000001316;Petit Centre-Ville;Malin;;16/09/1979;;6;0
587;CHATEAURENARD -ANNE;FRANCHISE;7527;000001200;Ruraux;Malin;;01/02/1992;;6;0
1098;CHATEAUROUX -BEAULIE;FRANCHISE;7670;000002100;Petit Centre-Ville;Malin;;23/07/1986;;8;0
13902;CHATENAY MALABRY;FRANCHISE;7326;000000934;Centre Urbain;Urbain pratique;;13/09/2018;;8;0
1179;CHATENOY LE ROYAL;FRANCHISE;8014;000002312;Petit Centre-Ville;Malin;;01/10/1995;;9;0
495;CHATILLON -G.PERI;INTEGRE;7848;000002010;Centre Urbain;Urbain pratique;;26/01/1983;;12;4
7293;CHATILLON -PARIS;FRANCHISE;6648;000000784;Centre Urbain;Urbain pratique;;29/11/2016;;5;0
748;CHATILLON S/CH -FOCH;FRANCHISE;8015;000001890;Banlieue Résidentielle;Malin;;01/11/2017;;8;0
857;CHAUFFAILLES;FRANCHISE;8349;000001240;Ruraux;Malin;;09/09/1992;;5;0
627;CHAULNES;FRANCHISE;8543;000001135;Ruraux;Dynamique;;03/08/1995;;5;0
834;CHEVIGNY -DIJON;FRANCHISE;8016;000002450;Banlieue Résidentielle;Malin;;03/12/1986;;8;0
463;CHILLY MAZARIN;FRANCHISE;8235;000001360;Banlieue Résidentielle;Dynamique;;26/07/1989;;11;0
833;CLAIX;INTEGRE;8017;000001427;Banlieue Résidentielle;Dynamique;;23/10/1985;;7;0
626;CLAMART -DE GAULLE;INTEGRE;7929;000002200;Centre Urbain;Urbain pratique;;01/05/1983;;12;0
1093;CLERMONT FD -ALYRE;INTEGRE;7674;000002250;Centre Urbain;Urbain pratique;;01/06/1989;;7;4
382;CLERMONT FD -JAUDE;INTEGRE;7631;000003019;Centre Urbain;Urbain pratique;;01/08/2007;;12;8
1550;CLUNY;FRANCHISE;1576;000001914;Ruraux;Malin;;19/09/2014;;8;0
5674;COGOLIN -NARCISSES;FRANCHISE;1763;000001001;Banlieue Résidentielle;Malin;saisonnier été;01/12/2016;;7;0
706;COLOMBES -EUROPE;FRANCHISE;7600;000001500;Centre Urbain;Urbain pratique;;18/08/2006;;7;0
892;COLOMIERS -ORMEAU;INTEGRE;7720;000002000;Centre Urbain;Dynamique;;01/09/1994;;9;4
769;COLOMIERS -RAMASSIER;FRANCHISE;8668;000001500;Banlieue Résidentielle;Urbain pratique;;23/09/2009;;8;0
913;COMINES -TANNERIE;INTEGRE;7724;000002192;Banlieue Résidentielle;Dynamique;;01/10/2005;;10;0
1074;COMMENTRY;FRANCHISE;7675;000002100;Ruraux;Malin;;20/02/1974;;8;0
1220;CONCHES EN OUCH -MOU;FRANCHISE;8119;000001857;Banlieue Résidentielle;Malin;;03/07/1975;;8;0
739;CONDOM -HONTAUT;FRANCHISE;8587;000002500;Grands magasins de périphérie;Malin;saisonnier été;12/08/1972;;12;0
1186;CONDRIEU;INTEGRE;8019;000002282;Grands magasins de périphérie;Dynamique;;07/06/2000;;8;4
392;CONFLANS STE HONORIN;FRANCHISE;7849;000001700;Petit Centre-Ville;Dynamique;;01/01/1980;;9;0
796;CONNERRE;FRANCHISE;8948;000003334;Ruraux;Dynamique;;10/01/2011;;13;0
575;CORMEILLES;FRANCHISE;8327;000001785;Banlieue Résidentielle;Malin;;01/05/1992;;8;0
832;CORPEAU;INTEGRE;8021;000002150;Banlieue Résidentielle;Malin;;26/09/1984;;8;0
683;COSNE COURS S/L -LEC;INTEGRE;7593;000000939;Petit Centre-Ville;Malin;;02/01/2007;;5;0
1110;COSNE COURS S/L -RN7;INTEGRE;7677;000003500;Grands magasins de périphérie;Dynamique;;01/05/1976;;12;4
1081;COSNE D'ALLIER;INTEGRE;7676;000002200;Ruraux;Malin;;19/10/1977;;8;0
872;COUERON;FRANCHISE;8374;000001600;Banlieue Résidentielle;Malin;;01/02/2007;;6;0
1260;COULAINES -PAIX;FRANCHISE;8447;000000992;Petit Centre-Ville;Malin;;01/01/2000;;7;0
1036;COUPVRAY;INTEGRE;7776;000002990;Grands magasins de périphérie;Dynamique;;01/05/1991;;15;0
937;COURBEVOIE;FRANCHISE;7850;000002368;Grands magasins de périphérie;Urbain premium;;01/09/1977;;16;5
5652;COURNONTERRAL;FRANCHISE;1725;000000874;Ruraux;Malin;;01/05/2016;;5;0
482;COURSEULLES S/MER;FRANCHISE;8251;000004626;Banlieue Résidentielle;Dynamique;saisonnier été;27/06/1990;;18;0
458;COUTANCES -PLANCHE;FRANCHISE;7851;000001754;Petit Centre-Ville;Malin;;22/06/1974;;7;0
992;CREANCES;FRANCHISE;8519;000001200;Ruraux;Malin;saisonnier été;01/10/2007;;6;0
965;CREGY LES MEAUX;FRANCHISE;7852;000001338;Ruraux;Dynamique;;03/05/2016;;5;0
901;CREMIEU;FRANCHISE;8401;000002000;Grands magasins de périphérie;Dynamique;;01/01/1990;;9;0
645;CREON -SAUVETERRE;FRANCHISE;8451;000004350;Grands magasins de périphérie;Dynamique;;01/07/2018;;12;4
971;CREPY EN VALOIS;FRANCHISE;7853;000001809;Banlieue Résidentielle;Dynamique;;03/12/1991;;9;0
438;CREST;FRANCHISE;8213;000001367;Ruraux;Malin;;25/02/1987;;6;0
630;CREVECOEUR LE GRAND;FRANCHISE;8438;000002000;Banlieue Résidentielle;Malin;;19/06/2001;;6;0
478;CROISSY S/SEINE;INTEGRE;7854;000003095;Banlieue Résidentielle;Urbain premium;;01/02/1989;;14;5
7452;CROLLES;FRANCHISE;6909;000002860;Banlieue Résidentielle;Malin;saisonnier hiver;18/04/2018;;12;4
1808;CROUY;FRANCHISE;1601;000004000;Ruraux;Dynamique;;01/01/2015;;18;0
716;CRUSEILLES;FRANCHISE;8546;000001800;Banlieue Résidentielle;Dynamique;;03/07/2007;;10;0
5343;CUERS;FRANCHISE;3924;000000952;Petit Centre-Ville;Malin;;01/11/2016;;5;0
1150;CUGNAUX;FRANCHISE;6992;000002100;Petit Centre-Ville;Malin;;01/01/2014;;9;0
457;CULOZ;FRANCHISE;8231;000002000;Ruraux;Malin;;01/02/1983;;9;0
1077;CUSSET -CHARMEIL;FRANCHISE;7678;000001824;Petit Centre-Ville;Malin;;08/09/1976;;8;0
730;DADONVILLE;FRANCHISE;7739;000002700;Ruraux;Malin;;11/06/2007;;12;0
1254;DAMVILLE;FRANCHISE;8120;000001461;Banlieue Résidentielle;Dynamique;;08/04/1992;;7;0
553;DANGE ST ROMAIN;FRANCHISE;7763;000001800;Banlieue Résidentielle;Malin;;20/09/1990;;6;0
634;DAVEZIEUX;INTEGRE;7709;000002469;Grands magasins de périphérie;Dynamique;;18/06/2002;;10;0
341;DEAUVILLE;FRANCHISE;7569;000001346;Banlieue Résidentielle;Urbain pratique;saisonnier été;26/06/1963;;8;0
1076;DECIZE;FRANCHISE;7679;000002449;Ruraux;Malin;;01/03/1975;;8;0
772;DEOLS;FRANCHISE;8645;000003064;Grands magasins de périphérie;Malin;;26/08/2009;;9;0
1087;DESERTINES;FRANCHISE;7680;000001755;Petit Centre-Ville;Malin;;01/08/2016;;8;0
370;DESVRES -BOULOGNE;INTEGRE;7977;000002300;Ruraux;Dynamique;;01/11/1974;;9;4
1237;DEVILLE LES ROUEN;FRANCHISE;8121;000002400;Centre Urbain;Urbain pratique;;01/12/1970;;6;0
1268;DINARD -ST ALEXANDRE;INTEGRE;7518;000001171;Petit Centre-Ville;Malin;saisonnier été;01/06/1976;;6;4
792;DISTRE;FRANCHISE;8933;000003500;Ruraux;Malin;;10/11/2010;;10;0
371;DIVION;FRANCHISE;7978;000001790;Ruraux;Malin;;01/05/1990;;9;0
1144;DIVONNE LES BAINS;FRANCHISE;6996;000003500;Banlieue Résidentielle;Dynamique;;20/02/1991;;18;4
676;DOL DE BRETAGNE;FRANCHISE;7642;000002500;Grands magasins de périphérie;Malin;;01/06/2005;;10;0
923;DOMBASLE S/MEURTHE;FRANCHISE;8428;000001270;Banlieue Résidentielle;Malin;;01/01/2010;;5;0
1270;DOMFRONT;FRANCHISE;8534;000001279;Ruraux;Malin;;01/09/2006;;7;0
966;DORMANS -CHAVENAY;INTEGRE;7856;000002000;Ruraux;Dynamique;;04/09/1990;;7;0
893;DOUAI -ARMES;FRANCHISE;7933;000001193;Centre Urbain;Malin;;01/01/1990;;9;0
483;DOUDEVILLE;FRANCHISE;8252;000001698;Ruraux;Malin;;16/05/1990;;7;0
722;DOUVAINE -THONON;FRANCHISE;8558;000002230;Centre Urbain;Dynamique;saisonnier été;01/06/1977;;12;0
897;DRANCY;FRANCHISE;7857;000002500;Centre Urbain;Malin;;05/01/2016;;14;5
996;DUCEY -RN 176;FRANCHISE;8185;000001200;Banlieue Résidentielle;Malin;;31/05/2006;;6;0
662;DUCLAIR;FRANCHISE;8476;000002000;Banlieue Résidentielle;Dynamique;;01/06/1981;;12;
591;DUNIERES;FRANCHISE;8341;000001569;Banlieue Résidentielle;Malin;;01/01/1990;;6;0
549;ECUELLES;FRANCHISE;7731;000002600;Petit Centre-Ville;Dynamique;;01/01/2006;;12;0
1058;ELANCOURT;FRANCHISE;8122;000002000;Petit Centre-Ville;Malin;;13/08/1974;;10;4
1206;ELBEUF;FRANCHISE;8123;000002250;Centre Urbain;Malin;;13/10/1966;;10;4
767;ENNERY;INTEGRE;8622;000001758;Banlieue Résidentielle;Malin;;26/05/2010;;8;0
531;ENTRAIGUES S/SORGUE;FRANCHISE;8287;000001000;Banlieue Résidentielle;Dynamique;;14/03/1990;;5;0
615;EPERLECQUES;INTEGRE;7952;000002100;Ruraux;Dynamique;;04/07/1984;;7;4
1052;EPINAY S/ORGE;INTEGRE;7777;000004827;Grands magasins de périphérie;Dynamique;;01/05/1992;;20;8
1248;EPOUVILLE;INTEGRE;8124;000002270;Petit Centre-Ville;Dynamique;;01/06/1996;;12;0
983;ERGUE GABERIC;INTEGRE;8085;000002499;Banlieue Résidentielle;Dynamique;;17/06/1998;;10;4
1252;ERNEE -LA HAINAUD;FRANCHISE;8086;000001718;Ruraux;Malin;;17/10/1975;;6;0
721;ERQUINGHEM LYS;FRANCHISE;8592;000002033;Centre Urbain;Malin;;02/01/2008;;8;0
441;ESQUIEZE SERE -LUZ;FRANCHISE;8217;000001000;Ruraux;Malin;saisonnier été;01/06/1985;;6;0
606;ESSARS;INTEGRE;7953;000002650;Banlieue Résidentielle;Malin;;25/10/1984;;10;0
943;ESTAIRES;INTEGRE;7858;000002800;Grands magasins de périphérie;Dynamique;;01/10/1977;;10;0
993;ETABLES S/MER -ISLAN;FRANCHISE;8070;000002520;Ruraux;Malin;saisonnier été;15/07/1982;;12;0
372;ETAPLES -BOULOGNE;INTEGRE;7979;000001956;Banlieue Résidentielle;Malin;;04/03/1991;;8;0
1027;ETIOLLES;FRANCHISE;7778;000002093;Grands magasins de périphérie;Dynamique;;01/11/1989;;12;0
753;ETREPAGNY;INTEGRE;8125;000002000;Banlieue Résidentielle;Dynamique;;10/12/2008;;10;0
7451;EVIAN LES BAINS;FRANCHISE;6908;000001998;Banlieue Résidentielle;Dynamique;;01/01/2019;;10;0
1222;EVRON;FRANCHISE;8560;000001625;Ruraux;Malin;;30/10/2007;;6;0
687;FALAISE -CLEMENCEAU;FRANCHISE;7644;000003066;Grands magasins de périphérie;Dynamique;;12/10/2005;;8;5
466;FAVERGES;FRANCHISE;8237;000002000;Banlieue Résidentielle;Dynamique;saisonnier été;01/06/1973;;10;0
1073;FAVEROLLES;FRANCHISE;7681;000002340;Ruraux;Malin;saisonnier été;27/04/1972;;9;0
1227;FECAMP -GANZEVILLE;FRANCHISE;8126;000001931;Petit Centre-Ville;Malin;;01/04/2017;;8;0
1156;FEIGNIES;FRANCHISE;8264;000001130;Banlieue Résidentielle;Malin;;30/08/1988;;6;0
480;FERNEY VOLTAIRE;FRANCHISE;8249;000001700;Centre Urbain;Dynamique;;07/11/1990;;10;0
921;FERRIERE LA GRANDE;INTEGRE;7859;000002078;Petit Centre-Ville;Dynamique;;09/04/1985;;11;0
797;FERRIERES D'AUNIS;FRANCHISE;8950;000002990;Ruraux;Dynamique;;01/07/2011;;8;4
1025;FERRIERES EN GATINAI;FRANCHISE;7779;000001705;Banlieue Résidentielle;Dynamique;;01/03/1989;;8;0
624;FEUQUIERES EN VIMEU;FRANCHISE;7954;000001100;Banlieue Résidentielle;Dynamique;;01/12/1981;;6;0
576;FIGEAC;FRANCHISE;8328;000001800;Ruraux;Malin;;01/04/1992;;9;0
998;FISMES;FRANCHISE;7780;000001790;Banlieue Résidentielle;Dynamique;;01/12/1970;;9;0
13769;FLERS;FRANCHISE;1462;000003471;Grands magasins de périphérie;Dynamique;;01/09/2018;;14;0
407;FLEURANCE;FRANCHISE;8195;000003168;Grands magasins de périphérie;Malin;saisonnier été;10/07/1984;;12;0
1247;FLEURY LES AUBRAIS;FRANCHISE;8129;000001280;Centre Urbain;Malin;;01/07/1970;;7;0
1226;FLEURY S/ANDELLE;FRANCHISE;8130;000001700;Ruraux;Dynamique;;01/10/2018;;8;0
588;FLORAC;FRANCHISE;8337;000000915;Ruraux;Malin;saisonnier été;31/12/1986;;6;0
352;FLORANGE 2;FRANCHISE;7601;000001843;Petit Centre-Ville;Malin;;02/05/2018;;6;0
7315;FONSORBES;FRANCHISE;6606;000004000;Grands magasins de périphérie;Dynamique;;05/10/2016;;15;0
5676;FONTAINES S/SAON ROY;FRANCHISE;1824;000000811;Banlieue Résidentielle;Malin;;22/10/2014;;5;0
859;FONTENAY AUX ROSES;INTEGRE;7575;000001347;Centre Urbain;Urbain pratique;;01/05/2006;;8;4
5677;FORGES LES EAUX;FRANCHISE;1825;000001108;Petit Centre-Ville;Malin;;24/11/2015;;5;0
771;FOUESNANT;FRANCHISE;8644;000003000;Banlieue Résidentielle;Malin;saisonnier été;01/04/2017;;10;0
894;FOUGERES -EUROPE;FRANCHISE;7521;000001950;Petit Centre-Ville;Malin;;01/04/2007;;9;0
727;FRAIZE;INTEGRE;8584;000001785;Banlieue Résidentielle;Malin;;18/04/2007;;6;0
1059;FRENEUSE;FRANCHISE;8131;000001700;Banlieue Résidentielle;Dynamique;;01/10/1996;;7;0
6435;FRESNOY LE GRAND;FRANCHISE;9371;000002546;Ruraux;Malin;;05/01/2018;;8;0
404;FREVENT -FERRY;FRANCHISE;8194;000001553;Ruraux;Malin;;06/02/1985;;6;0
1171;FROGES;FRANCHISE;8023;000002065;Banlieue Résidentielle;Dynamique;;14/06/1994;;11;0
677;FROUZINS;FRANCHISE;8472;000001800;Petit Centre-Ville;Dynamique;;11/05/2005;;8;0
373;FRUGES -3 MOULINS;INTEGRE;7980;000002504;Grands magasins de périphérie;Dynamique;;01/04/1987;;10;0
1008;FUMAY;FRANCHISE;8551;000001345;Ruraux;Malin;;01/03/2007;;5;0
1241;GALLARDON;FRANCHISE;8531;000001820;Banlieue Résidentielle;Malin;;01/02/2007;;8;0
1114;GANNAT;FRANCHISE;7683;000002000;Ruraux;Malin;;10/12/1974;;7;0
959;GARDANNE PAYANNET;INTEGRE;7861;000002600;Grands magasins de périphérie;Dynamique;;04/04/1989;;12;5
1060;GARGENVILLE;FRANCHISE;8132;000002405;Banlieue Résidentielle;Malin;;01/06/1988;;10;0
850;GENAS;FRANCHISE;8024;000001529;Petit Centre-Ville;Dynamique;;01/12/1977;;8;0
5678;GENERAC;FRANCHISE;1767;000000826;Ruraux;Malin;;01/05/2016;;4;0
1091;GERZAT;FRANCHISE;7684;000001805;Petit Centre-Ville;Malin;;31/05/1989;;6;0
1279;GEVEZE;INTEGRE;7439;000002296;Banlieue Résidentielle;Malin;;01/11/1987;;10;0
481;GEX;FRANCHISE;8250;000002960;Grands magasins de périphérie;Malin;;06/03/1991;;10;0
1113;GIEN;FRANCHISE;7685;000002825;Grands magasins de périphérie;Malin;;01/12/1972;;9;0
5346;GIGNAC;FRANCHISE;2729;000000990;Banlieue Résidentielle;Malin;;01/07/2016;;5;0
871;GIMONT;FRANCHISE;8373;000001840;Ruraux;Malin;;01/08/1993;;8;0
1261;GISORS BOULOIR;FRANCHISE;8133;000002664;Grands magasins de périphérie;Dynamique;;18/06/1986;;12;0
486;GODERVILLE;FRANCHISE;8255;000002950;Grands magasins de périphérie;Dynamique;;14/11/1990;;10;0
1033;GOMETZ LA VILLE;FRANCHISE;7781;000001890;Banlieue Résidentielle;Dynamique;;01/01/1990;;10;0
558;GONNEVILLE LA MALLET;FRANCHISE;8310;000001411;Banlieue Résidentielle;Dynamique;saisonnier été;18/05/1993;;7;0
496;GOURDON;FRANCHISE;8266;000002000;Ruraux;Malin;saisonnier été;14/06/1989;;9;0
1118;GOUZON;FRANCHISE;8603;000001698;Ruraux;Malin;;09/07/1985;;6;0
675;GRAND CHAMP -VANNES;FRANCHISE;8561;000002241;Banlieue Résidentielle;Malin;;01/03/2007;;8;0
1014;GRANDVILLIERS ST FUS;FRANCHISE;7782;000001902;Banlieue Résidentielle;Dynamique;;01/05/1985;;10;0
5653;GRASSE -MOULIN BRUN;FRANCHISE;1726;000000999;Centre Urbain;Urbain pratique;;01/06/2016;;8;0
847;GRAY;FRANCHISE;7606;000002710;Ruraux;Malin;;08/11/1989;;10;0
714;GRESY S/AIX;FRANCHISE;8515;000005338;Grands magasins de périphérie;Dynamique;saisonnier été;01/04/1980;;15;5
394;GRISOLLES;FRANCHISE;7650;000001600;Banlieue Résidentielle;Malin;;29/09/2016;;8;0
889;GROISY;FRANCHISE;8394;000002000;Banlieue Résidentielle;Dynamique;;01/01/1990;;10;0
1269;GUER;FRANCHISE;8088;000002000;Grands magasins de périphérie;Dynamique;;01/03/2018;;7;0
1281;GUERANDE;INTEGRE;8089;000003350;Banlieue Résidentielle;Dynamique;saisonnier été;21/03/1973;;14;5
15867;GUESNAIN;FRANCHISE;3533;000002032;Banlieue Résidentielle;Malin;;07/02/2020;;8;0
703;GUIGNES;INTEGRE;7617;000002899;Banlieue Résidentielle;Dynamique;;30/05/2007;;10;4
1000;GUIGNICOURT;FRANCHISE;8524;000001010;Banlieue Résidentielle;Dynamique;;09/12/1971;;6;0
919;GUILLESTRE;FRANCHISE;8419;000001400;Ruraux;Dynamique;saisonnier été;19/03/1996;;7;0
724;GUINES;INTEGRE;7620;000002000;Grands magasins de périphérie;Dynamique;;31/12/1975;;9;0
1012;GUISE;FRANCHISE;7783;000001754;Ruraux;Malin;;21/11/1984;;6;0
915;GUJAN MESTRAS;FRANCHISE;8416;000001650;Petit Centre-Ville;Malin;;08/06/1977;;10;0
1043;GUYANCOURT;FRANCHISE;7784;000001320;Banlieue Résidentielle;Dynamique;;01/08/1995;;6;4
560;HAGETMAU;FRANCHISE;8313;000002000;Petit Centre-Ville;Malin;;07/06/2016;;11;0
374;HAILLICOURT;INTEGRE;7981;000001520;Petit Centre-Ville;Malin;;01/10/1994;;8;0
1006;HAM;INTEGRE;7785;000002318;Grands magasins de périphérie;Malin;;01/11/1976;;8;0
629;HAUTEVILLE LOMPNES;INTEGRE;7926;000001900;Ruraux;Malin;;01/06/1994;;8;0
356;HEM;INTEGRE;7982;000001900;Petit Centre-Ville;Dynamique;;01/03/1996;;10;0
1123;HENDAYE -ALLEES;FRANCHISE;8461;000001200;Banlieue Résidentielle;Malin;saisonnier été;08/06/2016;;6;0
936;HESDIN;INTEGRE;7863;000003500;Grands magasins de périphérie;Dynamique;;01/06/1982;;9;4
561;HONFLEUR;FRANCHISE;8314;000001313;Petit Centre-Ville;Malin;;05/12/1990;;7;0
14216;HOURTIN;FRANCHISE;9403;000001500;Ruraux;Malin;saisonnier été;03/04/2018;;7;0
530;HYERES -SIMENON;FRANCHISE;8286;000001500;Centre Urbain;Urbain pratique;;27/11/1989;;6;0
661;INGRE;FRANCHISE;8474;000002030;Petit Centre-Ville;Malin;;07/06/2004;;7;0
1178;IRIGNY;INTEGRE;8025;000002605;Banlieue Résidentielle;Malin;;01/10/1995;;10;4
401;ISBERGUES;FRANCHISE;7983;000001785;Banlieue Résidentielle;Malin;;03/11/2017;;8;0
991;ISIGNY S/MER;FRANCHISE;8475;000001580;Ruraux;Malin;;14/12/1983;;6;0
5671;ISSOIRE -MALRAUX;FRANCHISE;1766;000000853;Petit Centre-Ville;Malin;;03/04/2017;;4;0
1085;ISSOUDUN;FRANCHISE;7687;000001589;Petit Centre-Ville;Malin;;27/07/2016;;6;0
397;IVRY S/SEINE -MARAT;FRANCHISE;7864;000002200;Centre Urbain;Urbain pratique;;01/01/1985;;16;4
1182;JASSANS RIOTTIER;INTEGRE;8026;000001800;Banlieue Résidentielle;Dynamique;;29/10/1996;;7;4
1011;JEUMONT;INTEGRE;7786;000001700;Ruraux;Malin;;01/06/1984;;7;0
1187;JONAGE;INTEGRE;8027;000002414;Banlieue Résidentielle;Dynamique;;18/09/2001;;9;0
1021;JOUY LE MOUTIER;INTEGRE;7787;000001694;Banlieue Résidentielle;Dynamique;;01/12/1988;;6;4
497;JOYEUSE;FRANCHISE;8267;000001462;Ruraux;Malin;saisonnier été;20/12/1988;;8;0
556;JUSSEY;INTEGRE;8308;000001145;Ruraux;Malin;;20/04/1993;;6;0
854;L'ARBRESLE;FRANCHISE;8348;000002200;Grands magasins de périphérie;Dynamique;;01/03/1993;;9;0
773;L'ISLE JOURDAIN;FRANCHISE;8582;000003968;Grands magasins de périphérie;Dynamique;;11/05/2007;;14;0
758;LA BRILLANNE;FRANCHISE;8583;000001771;Ruraux;Malin;;16/07/2008;;11;0
1065;LA CAPELLE;FRANCHISE;8607;000001300;Ruraux;Malin;;01/04/1969;;5;
1083;LA CHATRE;FRANCHISE;7672;000001743;Petit Centre-Ville;Malin;;01/12/1968;;5;0
1099;LA CHAUSSEE ST VICTO;FRANCHISE;7673;000002238;Petit Centre-Ville;Malin;;08/07/1987;;9;0
641;LA CRAU;FRANCHISE;8450;000001800;Banlieue Résidentielle;Dynamique;;11/12/2002;;11;0
973;LA FERTE ALAIS;FRANCHISE;7860;000002057;Banlieue Résidentielle;Malin;;26/11/1991;;10;0
1232;LA FERTE BERNARD;FRANCHISE;8127;000002043;Petit Centre-Ville;Malin;;01/05/2017;;10;0
1097;LA FERTE ST AUBIN;FRANCHISE;7682;000001260;Banlieue Résidentielle;Malin;;01/07/1986;;6;0
731;LA FLECHE -MOLANS;INTEGRE;7609;000002890;Grands magasins de périphérie;Malin;;19/06/2007;;8;4
988;LA HAYE DU PUITS;FRANCHISE;8071;000001814;Ruraux;Malin;saisonnier été;01/12/1973;;7;0
505;LA MONNERIE LE MONTE;FRANCHISE;8276;000001538;Ruraux;Malin;saisonnier été;21/06/1989;;6;0
1148;LA PRIMAUBE;FRANCHISE;3998;000002100;Petit Centre-Ville;Malin;;01/01/2014;;10;0
1154;LA ROCHE S/F -AMANCY;FRANCHISE;8389;000002630;Grands magasins de périphérie;Dynamique;;09/02/1994;;9;3
6889;LA ROCHELLE -COGNEHO;FRANCHISE;6777;000001500;Centre Urbain;Malin;;27/06/2017;;8;0
726;LA ROCHETTE;FRANCHISE;8569;000002200;Banlieue Résidentielle;Malin;saisonnier été;03/10/2007;;9;0
1103;LA SOUTERRAINE;FRANCHISE;7748;000003000;Ruraux;Malin;;07/07/1976;;14;0
13885;LACAUNE;FRANCHISE;6886;000001600;Ruraux;Malin;saisonnier été;15/05/2018;;7;0
1174;LAGNIEU;INTEGRE;8028;000002942;Banlieue Résidentielle;Dynamique;;01/06/1962;;11;4
742;LAILLE -PT DU JOUR;FRANCHISE;8562;000001570;Banlieue Résidentielle;Malin;;12/12/2007;;6;0
563;LALLAING;FRANCHISE;8316;000001100;Banlieue Résidentielle;Malin;;02/05/2016;;5;0
7328;LAMARTINE V.HUGO;FRANCHISE;6631;000000960;Centre Urbain;Urbain premium;;09/01/2018;;9;0
994;LAMBALLE -LAVERGNE;FRANCHISE;8072;000002650;Grands magasins de périphérie;Malin;;27/05/1964;;8;0
596;LAMORLAYE;INTEGRE;7865;000003912;Banlieue Résidentielle;Dynamique;;01/10/1994;;15;4
1096;LAMOTTE BEUVRON;INTEGRE;7688;000002497;Ruraux;Malin;;06/03/1975;;8;4
1010;LANDRECIES;INTEGRE;7788;000001929;Banlieue Résidentielle;Malin;;01/10/1983;;8;0
479;LANGEAIS;FRANCHISE;8248;000003200;Grands magasins de périphérie;Dynamique;;21/09/1990;;12;0
717;LANNEMEZAN;INTEGRE;8547;000003300;Ruraux;Malin;;26/09/2006;;11;4
1002;LAON -CHRIST;FRANCHISE;8549;000001469;Petit Centre-Ville;Malin;;30/04/2018;;6;0
999;LAON -MENU;FRANCHISE;7789;000001456;Petit Centre-Ville;Malin;;01/04/1971;;6;0
1095;LAPALISSE;INTEGRE;7689;000002169;Ruraux;Malin;;26/09/1985;;9;0
918;LAROQUE DES ALBERES;FRANCHISE;8418;000002560;Ruraux;Malin;saisonnier été;01/12/1995;;14;0
1203;LAVAL;FRANCHISE;7134;000002895;Petit Centre-Ville;Malin;;03/10/1968;;10;4
473;LAVELANET -8 MAI;FRANCHISE;7765;000002030;Ruraux;Malin;;01/10/2017;;7;0
439;LE BEAUSSET;FRANCHISE;8216;000001880;Banlieue Résidentielle;Dynamique;;05/11/1987;;12;3
821;LE CHAMBON FEUGEROLL;FRANCHISE;8012;000001445;Petit Centre-Ville;Malin;;12/12/1979;;6;0
822;LE COTEAU;FRANCHISE;8022;000001787;Petit Centre-Ville;Malin;;10/06/1981;;7;0
1190;LE CRES -JACOU;INTEGRE;7996;000002730;Banlieue Résidentielle;Dynamique;;01/09/1988;;8;4
1198;LE CREUSOT -ARCHE;FRANCHISE;7825;000002500;Petit Centre-Ville;Malin;;01/09/2016;;13;0
737;LE FAOUET;FRANCHISE;8585;000001687;Ruraux;Malin;;31/07/2007;;7;0
498;LE HAVRE -BELLANGER;FRANCHISE;8268;000000900;Centre Urbain;Urbain pratique;;28/04/1986;;5;0
426;LE HAVRE -BRIAND;FRANCHISE;8202;000001500;Centre Urbain;Urbain pratique;;11/07/1984;;6;4
948;LE HAVRE -SANVIC;INTEGRE;7862;000001720;Centre Urbain;Urbain pratique;;29/01/1986;;11;4
391;LE HAVRE -TURENNE;FRANCHISE;8422;000001500;Centre Urbain;Urbain pratique;;07/05/1997;;5;4
574;LE HAVRE -VALLEE;INTEGRE;7531;000002251;Grands magasins de périphérie;Dynamique;;08/04/1992;;8;8
5008;LE LAVANDOU -LA BAOU;FRANCHISE;1700;000000999;Centre Urbain;Urbain pratique;saisonnier été;08/12/2015;;8;0
499;LE LAVANDOU JUIN;FRANCHISE;8269;000002540;Ruraux;Dynamique;saisonnier été;23/01/1991;;16;4
1253;LE MANS -ARNAGE;FRANCHISE;7711;000002815;Grands magasins de périphérie;Malin;;15/07/1982;;10;0
1199;LE MANS -CHASSE ROYA;FRANCHISE;8136;000001140;Petit Centre-Ville;Malin;;15/12/1961;;7;0
1204;LE MANS -MAILLETS;INTEGRE;8137;000002851;Petit Centre-Ville;Malin;;29/11/1972;;9;4
1233;LE MANS -O.HEUZE;FRANCHISE;8138;000001746;Centre Urbain;Urbain pratique;;01/11/1989;;8;0
1202;LE MANS -PIRON;FRANCHISE;8139;000000730;Petit Centre-Ville;Malin;;31/08/1977;;6;0
1200;LE MANS -SABLONS;FRANCHISE;8140;000002648;Grands magasins de périphérie;Malin;;20/12/1967;;6;4
751;LE MANS -UNIVERSITE;FRANCHISE;7627;000001750;Centre Urbain;Urbain pratique;;08/09/2012;;6;4
1213;LE MESNIL ESNARD;INTEGRE;8143;000003270;Grands magasins de périphérie;Dynamique;;18/06/1980;;13;4
5647;LE MUY -ST ROCH;FRANCHISE;1701;000000991;Petit Centre-Ville;Malin;saisonnier été;01/10/2018;;5;0
1003;LE NOUVION EN THIERA;FRANCHISE;8521;000001162;Ruraux;Malin;;03/10/2005;;5;0
631;LE PLESSIS ROB -PLAC;INTEGRE;7896;000001680;Centre Urbain;Urbain premium;;15/12/1999;;11;0
950;LE PONTEL;INTEGRE;7902;000001902;Banlieue Résidentielle;Dynamique;;01/05/1985;;8;0
518;LE PRE ST GERVAIS;INTEGRE;7903;000003268;Centre Urbain;Urbain pratique;;13/12/1990;;18;12
1207;LE PT QUEVILLY -JAUR;INTEGRE;8153;000001486;Centre Urbain;Malin;;16/11/1977;;7;4
685;LE TAILLAN MEDOC;FRANCHISE;7589;000002208;Grands magasins de périphérie;Malin;;03/10/2005;;10;0
648;LE TIGNET;FRANCHISE;7760;000001816;Ruraux;Dynamique;;07/03/2001;;9;0
610;LE TOUQUET;INTEGRE;7967;000001800;Petit Centre-Ville;Malin;saisonnier été;14/11/1984;;7;0
750;LE TRAIT;FRANCHISE;8593;000001600;Banlieue Résidentielle;Malin;;05/12/2007;;8;0
405;LEFOREST;FRANCHISE;7523;000001100;Banlieue Résidentielle;Dynamique;;01/01/1987;;5;0
619;LENS -MAES;INTEGRE;7958;000001450;Petit Centre-Ville;Malin;;03/10/1984;;6;0
604;LENS -ZOLA;INTEGRE;7959;000000958;Centre Urbain;Malin;;15/11/1978;;4;0
1142;LEON;INTEGRE;8610;000002040;Ruraux;Malin;saisonnier été;26/09/2006;;13;4
500;LES ABRETS;FRANCHISE;8270;000003640;Grands magasins de périphérie;Dynamique;;01/01/1990;;14;0
1122;LES AIX D'ANGILLON;FRANCHISE;8605;000001776;Ruraux;Malin;;30/06/1976;;8;0
427;LES ANDELYS;INTEGRE;7546;000001936;Banlieue Résidentielle;Dynamique;;01/01/1987;;5;4
5654;LES ANGLES;FRANCHISE;1727;000000816;Petit Centre-Ville;Malin;;01/07/2016;;5;0
564;LES ROUSSES;FRANCHISE;8319;000002338;Grands magasins de périphérie;Dynamique;saisonnier été-hiver;18/05/1983;;12;0
655;LES SABLES -CASTELNA;FRANCHISE;8563;000000995;Petit Centre-Ville;Malin;saisonnier été;01/01/2007;;9;0
656;LES SABLES -GARLIERE;FRANCHISE;7532;000001848;Ruraux;Malin;saisonnier été;03/05/2004;;9;0
340;LES VANS;FRANCHISE;8437;000001544;Ruraux;Malin;saisonnier été;29/05/2001;;8;0
470;LESIGNY;FRANCHISE;7598;000001800;Centre Urbain;Dynamique;;01/03/1992;;9;0
595;LEZAT S/LEZE;FRANCHISE;8346;000002400;Ruraux;Malin;;19/02/1992;;10;0
908;LEZIGNAN CORBIERES;FRANCHISE;8409;000003500;Grands magasins de périphérie;Dynamique;;01/12/1995;;14;0
1105;LEZOUX;INTEGRE;7690;000002686;Banlieue Résidentielle;Dynamique;;01/06/1983;;11;0
459;LIBERCOURT;FRANCHISE;8232;000001200;Petit Centre-Ville;Malin;;18/05/1988;;4;0
1117;LIGNIERES;FRANCHISE;8601;000001450;Ruraux;Malin;;03/06/1987;;6;0
1056;LIGNY EN BARROIS;INTEGRE;7822;000002464;Ruraux;Malin;;01/10/1980;;10;0
412;LILLE -FIVES;INTEGRE;7867;000002780;Centre Urbain;Urbain pratique;;30/06/1986;;9;4
812;LILLE -GAMBETTA;INTEGRE;7960;000003500;Centre Urbain;Urbain pratique;;28/02/1996;;11;9
357;LILLE -LA MADELEINE;INTEGRE;7961;000002881;Centre Urbain;Urbain pratique;;06/03/1997;;13;9
612;LILLE -MOSELLE;INTEGRE;7962;000001645;Centre Urbain;Urbain pratique;;12/12/1990;;9;4
914;LILLERS -DEKEISER;INTEGRE;7868;000002880;Banlieue Résidentielle;Dynamique;;15/04/1996;;8;4
1106;LIMOGES -PAGUENAUD;FRANCHISE;7691;000001675;Petit Centre-Ville;Malin;;01/03/1991;;8;0
1107;LIMOGES -ROUSSILLON;FRANCHISE;7692;000001580;Centre Urbain;Urbain pratique;;01/06/2017;;8;0
967;LIMOURS;INTEGRE;7869;000002498;Banlieue Résidentielle;Dynamique;;21/10/1989;;13;0
1004;LISLET;INTEGRE;7797;000001398;Ruraux;Malin;;19/06/1974;;6;0
962;LIVRY GARGAN -MAG;FRANCHISE;7870;000002600;Grands magasins de périphérie;Dynamique;;22/04/1989;;16;0
7292;LIZY S/OURCQ;FRANCHISE;6654;000000917;Ruraux;Malin;;15/11/2016;;4;0
1283;LOCMINE;FRANCHISE;8091;000002798;Grands magasins de périphérie;Dynamique;;01/02/2016;;10;0
912;LOCTUDY;FRANCHISE;8564;000001500;Ruraux;Malin;saisonnier été;19/03/1996;;7;0
968;LONGUEIL ANNEL;INTEGRE;7871;000002850;Grands magasins de périphérie;Dynamique;;26/04/1989;;11;0
844;LONS LE SAUNIER;FRANCHISE;8029;000001585;Petit Centre-Ville;Malin;;25/05/1972;;8;0
1181;LORETTE;FRANCHISE;8030;000001269;Banlieue Résidentielle;Malin;;26/06/1996;;7;0
1276;LORIENT -ORIENTIS;FRANCHISE;8092;000001489;Centre Urbain;Urbain pratique;;02/10/1991;;9;0
825;LOUHANS;INTEGRE;8031;000001718;Ruraux;Dynamique;;01/12/1981;;10;0
440;LOURDES;FRANCHISE;7872;000001670;Petit Centre-Ville;Malin;;01/10/1999;;8;0
417;LOUVIERS -CHAMP DE V;FRANCHISE;7873;000000996;Petit Centre-Ville;Malin;;01/05/1969;;7;0
1051;LUZARCHES;INTEGRE;7792;000002356;Banlieue Résidentielle;Dynamique;;01/11/1985;;9;0
384;LYON -FRERES LUMIERE;FRANCHISE;8424;000001510;Centre Urbain;Urbain pratique;;11/03/1998;;8;4
1061;MAGNY EN VEXIN;FRANCHISE;8545;000001124;Banlieue Résidentielle;Dynamique;;01/06/1991;;7;0
501;MAICHE;FRANCHISE;8272;000001668;Ruraux;Malin;;14/12/1988;;7;0
695;MAIGNELAY MONTIGNY;FRANCHISE;8188;000001500;Banlieue Résidentielle;Malin;;28/11/2005;;6;0
475;MALESHERBES;FRANCHISE;8246;000002300;Ruraux;Malin;;08/12/1987;;7;0
944;MALO LES BAINS;FRANCHISE;7874;000002038;Centre Urbain;Urbain pratique;saisonnier été;27/09/1978;;9;4
5679;MANDELIEU;FRANCHISE;1762;000000817;Banlieue Résidentielle;Dynamique;;01/12/2017;;7;0
925;MANOM;INTEGRE;7875;000003844;Grands magasins de périphérie;Dynamique;;01/02/2000;;11;4
644;MANTES LA JOLIE;FRANCHISE;7722;000001731;Petit Centre-Ville;Malin;;01/03/2016;;9;0
375;MARCK EN CALAISIS;FRANCHISE;8554;000001315;Ruraux;Dynamique;;01/10/2007;;6;0
735;MARIGNY;FRANCHISE;8565;000001315;Banlieue Résidentielle;Malin;;01/07/2007;;5;
704;MARINES;INTEGRE;7599;000001800;Banlieue Résidentielle;Dynamique;;09/01/2006;;6;4
1005;MARLE;FRANCHISE;8550;000001415;Ruraux;Malin;;12/05/1976;;6;0
960;MARLY;INTEGRE;7876;000002546;Centre Urbain;Dynamique;;17/05/1988;;11;0
997;MARLY LE ROI -TERRES;INTEGRE;7794;000002400;Banlieue Résidentielle;Urbain pratique;;01/08/1959;;16;0
646;MARMANDE;FRANCHISE;8594;000003000;Grands magasins de périphérie;Malin;;01/03/2008;;14;0
1045;MAROLLES EN HUREPOIX;FRANCHISE;7795;000001800;Banlieue Résidentielle;Dynamique;;01/05/1976;;10;0
376;MARQUISE;FRANCHISE;7984;000001594;Banlieue Résidentielle;Malin;;01/06/1985;;7;0
788;MARSEILLAN;FRANCHISE;8407;000002740;Banlieue Résidentielle;Malin;saisonnier été;17/03/2010;;12;4
5680;MARSEILLE -3 LUCS;FRANCHISE;1768;000001030;Banlieue Résidentielle;Urbain pratique;;01/10/2016;;6;0
502;MARSEILLE -AMARYLLIS;FRANCHISE;8273;000001335;Centre Urbain;Urbain pratique;;19/04/1988;;7;0
1196;MARSEILLE -BELLE MAI;FRANCHISE;7997;000001160;Centre Urbain;Urbain pratique;;02/08/1968;;8;0
5664;MARSEILLE -CABASSUD;FRANCHISE;1756;000000910;Centre Urbain;Urbain pratique;;01/08/2018;;7;0
5350;MARSEILLE -CASTELLAN;FRANCHISE;2831;000000940;Centre Urbain;Urbain pratique;;01/10/2017;;6;0
1421;MARSEILLE -CATALANS;FRANCHISE;4005;000001610;Centre Urbain;Urbain pratique;;01/12/2018;;8;3
15605;MARSEILLE -LONGCHAMP;FRANCHISE;3456;000002200;Centre Urbain;Urbain premium;;01/12/2019;;9;4
7296;MARSEILLE -ROLLAND;FRANCHISE;6656;000000759;Centre Urbain;Urbain pratique;;01/03/2018;;4;0
5682;MARSEILLE -ROUET;FRANCHISE;1772;000000834;Centre Urbain;Urbain pratique;;01/08/2018;;5;0
1158;MARSEILLE -SCHUMAN;FRANCHISE;4002;000001435;Centre Urbain;Urbain pratique;;01/09/2017;;8;0
982;MARSEILLE -ST BARNAB;FRANCHISE;7877;000002200;Centre Urbain;Urbain pratique;;03/04/1996;;12;0
6625;MARSEILLE CTRE BOURS;FRANCHISE;9407;000001771;Centre Urbain;Urbain premium;;17/04/2018;;7;4
5353;MARTIGUES;FRANCHISE;2853;000000752;Banlieue Résidentielle;Malin;saisonnier été;01/12/2018;;5;0
396;MASSY -2;FRANCHISE;8530;000001400;Centre Urbain;Urbain pratique;;20/04/2000;;9;
7645;MASSY -GD OUEST;INTEGRE;6604;000001780;Centre Urbain;Urbain pratique;;12/09/2017;;9;15
442;MAULEON-LICHARRE;FRANCHISE;8218;000001723;Ruraux;Malin;;10/07/1985;;7;0
1067;MAULETTE;FRANCHISE;8467;000001200;Banlieue Résidentielle;Dynamique;;01/02/2008;;7;0
804;MAURIAC;FRANCHISE;8342;000002800;Ruraux;Malin;saisonnier été;28/04/1992;;12;0
1215;MAYENNE;FRANCHISE;8141;000001190;Petit Centre-Ville;Malin;;09/06/1982;;5;0
1071;MEHUN S/YEVRE;FRANCHISE;7693;000002703;Ruraux;Dynamique;;17/11/1972;;9;0
633;MELUN -GAILLARDON;INTEGRE;7761;000001997;Centre Urbain;Urbain pratique;;22/03/2001;;10;0
1028;MENUCOURT;FRANCHISE;7796;000002796;Banlieue Résidentielle;Dynamique;;01/11/1974;;10;0
733;MERCIN ET VAUX;INTEGRE;7614;000002938;Grands magasins de périphérie;Dynamique;;01/12/1971;;12;0
768;MERIGNAC -MONTESQUIE;FRANCHISE;8640;000001600;Centre Urbain;Urbain pratique;;01/04/2016;;6;4
6619;METZ -MUSE;FRANCHISE;6846;000003000;Centre Urbain;Urbain pratique;;22/11/2017;;10;8
939;MEUDON;FRANCHISE;7878;000001056;Centre Urbain;Urbain pratique;;01/04/1967;;8;0
1169;MEXIMIEUX;INTEGRE;8032;000003580;Grands magasins de périphérie;Dynamique;;01/05/1969;;17;4
853;MEYZIEU;INTEGRE;8033;000002671;Banlieue Résidentielle;Dynamique;;01/06/1971;;9;5
1193;MEZE;INTEGRE;7998;000001848;Ruraux;Dynamique;;13/05/1987;;8;0
1225;MEZIDON CANON;FRANCHISE;8144;000001435;Petit Centre-Ville;Dynamique;;26/03/1986;;8;0
679;MEZIERES S/SEINE;INTEGRE;7588;000002356;Petit Centre-Ville;Dynamique;;23/05/2005;;10;0
504;MEZZAVIA;FRANCHISE;8275;000001650;Grands magasins de périphérie;Dynamique;;08/06/1998;;8;0
18567;MILIZAC;FRANCHISE;4695;000001200;;;;17/03/2022;;4;4
1149;MILLAU;FRANCHISE;3999;000001960;Petit Centre-Ville;Malin;saisonnier été;01/01/2014;;9;0
424;MILLY LA FORET;INTEGRE;7879;000002247;Banlieue Résidentielle;Dynamique;;01/10/1997;;10;0
705;MIMIZAN;FRANCHISE;8186;000001500;Ruraux;Malin;saisonnier été;23/03/2006;;8;0
664;MIRAMAS;FRANCHISE;7721;000002519;Banlieue Résidentielle;Malin;;18/08/2004;;8;4
443;MIRANDE;FRANCHISE;8219;000002000;Ruraux;Malin;;01/11/1985;;8;0
395;MIRECOURT;INTEGRE;7880;000002000;Ruraux;Dynamique;;01/06/1983;;10;0
814;MIRIBEL;INTEGRE;8034;000001852;Petit Centre-Ville;Dynamique;;04/10/1975;;6;4
828;MOIRANS;INTEGRE;8035;000001354;Banlieue Résidentielle;Dynamique;;14/09/1983;;7;0
794;MONDONVILLE;FRANCHISE;8936;000001787;Banlieue Résidentielle;Dynamique;;27/10/2010;;8;0
1163;MONISTROL S/LOIRE;FRANCHISE;8036;000002323;Grands magasins de périphérie;Malin;;07/06/1989;;10;0
444;MONT DE MARSAN;FRANCHISE;8220;000000990;Petit Centre-Ville;Malin;;09/10/2006;;5;0
815;MONTALIEU VERCIEU;FRANCHISE;8037;000002349;Banlieue Résidentielle;Dynamique;;01/07/1986;;9;4
431;MONTBRISON;FRANCHISE;8207;000001800;Banlieue Résidentielle;Malin;;25/02/1987;;6;0
1175;MONTELIMAR -DIEULEFI;FRANCHISE;8038;000002376;Petit Centre-Ville;Malin;;01/10/2018;;10;0
975;MONTEREAU FAULT-YONN;FRANCHISE;8301;000000987;Petit Centre-Ville;Malin;;18/04/1991;;6;0
1044;MONTESSON;FRANCHISE;7798;000001800;Banlieue Résidentielle;Urbain premium;;01/12/1996;;11;0
8382;MONTIGNY BRETONNEUX;FRANCHISE;6678;000000725;Centre Urbain;Urbain pratique;;15/11/2016;;6;0
711;MONTMARAULT;FRANCHISE;8578;000001500;Ruraux;Malin;;04/06/1986;;6;
1016;MONTMIRAIL;FRANCHISE;7799;000001953;Ruraux;Dynamique;;01/08/1986;;7;0
1195;MONTPELLIER -CROIX A;FRANCHISE;7999;000001360;Centre Urbain;Urbain pratique;;01/05/1982;;8;0
777;MONTPELLIER -J COEUR;FRANCHISE;8837;000001500;Petit Centre-Ville;Urbain pratique;;26/05/2010;;6;4
1188;MONTPELLIER -JUSTICE;INTEGRE;8000;000002434;Centre Urbain;Urbain pratique;;24/10/1995;;9;4
839;MONTREAL LA CLUSE;FRANCHISE;8018;000002485;Banlieue Résidentielle;Dynamique;;03/11/1976;;10;0
1137;MONTREJEAU;FRANCHISE;8441;000001920;Ruraux;Malin;;25/07/2002;;8;0
782;MONTREUIL -C DE VILL;INTEGRE;8980;000002689;Centre Urbain;Urbain pratique;;07/12/2012;;9;12
377;MONTREUIL -CAMPIGNEU;FRANCHISE;7985;000001914;Ruraux;Malin;;01/01/1979;;9;0
819;MONTREVEL EN BRESSE;FRANCHISE;8039;000001800;Banlieue Résidentielle;Dynamique;;01/03/2018;;8;0
837;MONTROND LES BAINS;INTEGRE;8040;000001760;Banlieue Résidentielle;Dynamique;;01/11/1987;;8;0
878;MONTROUGE;FRANCHISE;7576;000001000;Centre Urbain;Urbain premium;;01/05/2006;;6;4
932;MORANGIS;INTEGRE;7881;000003195;Grands magasins de périphérie;Dynamique;;01/02/1997;;13;4
673;MOREUIL;INTEGRE;8182;000002170;Banlieue Résidentielle;Dynamique;;23/11/1984;;10;0
7280;MORNAS;FRANCHISE;6644;000000812;Ruraux;Malin;;01/02/2018;;7;
1280;MORTAIN;INTEGRE;8093;000001756;Ruraux;Malin;;01/03/1993;;7;0
432;MORTEAU;FRANCHISE;8208;000002200;Banlieue Résidentielle;Dynamique;;10/06/1987;;8;0
387;MORZINE;FRANCHISE;8430;000000958;Centre Urbain;Malin;saisonnier été-hiver;17/12/1998;;8;0
445;MOUGINS -TOURNAMY;INTEGRE;7882;000001168;Banlieue Résidentielle;Dynamique;;05/06/1985;;6;0
635;MOUGINS REFUGE;FRANCHISE;7551;000001760;Centre Urbain;Dynamique;;01/07/2002;;13;0
781;MOUROUX;FRANCHISE;8862;000001980;Ruraux;Dynamique;;20/10/2009;;10;0
454;MOUTIERS -SALINES;FRANCHISE;8228;000004161;Grands magasins de périphérie;Dynamique;saisonnier été-hiver;16/05/1979;;22;0
1201;MULSANNE;INTEGRE;8146;000001895;Petit Centre-Ville;Dynamique;;15/05/1985;;7;4
969;NANGIS;INTEGRE;7883;000002400;Banlieue Résidentielle;Dynamique;;15/02/1989;;10;0
863;NANTERRE -PICASSO 2;FRANCHISE;7586;000001680;Centre Urbain;Urbain pratique;;01/07/2008;;7;0
9687;NANTERRE CHEMIN ILE;FRANCHISE;4329;000000926;Centre Urbain;Urbain pratique;;20/07/2021;;7;0
1422;NANTES -FEYDEAU;FRANCHISE;1682;000001731;Centre Urbain;Urbain pratique;;14/04/2015;;8;5
987;NANTES -RP DE VANNES;FRANCHISE;8436;000001357;Centre Urbain;Urbain pratique;;01/09/1960;;7;6
774;NANTEUIL LES M -FOUL;INTEGRE;8669;000004800;Grands magasins de périphérie;Dynamique;;25/01/1989;;18;4
917;ND DE GRAVENCHON;FRANCHISE;8417;000002989;Grands magasins de périphérie;Malin;;09/10/1995;;10;0
525;NERAC;FRANCHISE;8516;000001463;Ruraux;Malin;;31/08/2016;;6;0
378;NESLES;FRANCHISE;7986;000002302;Banlieue Résidentielle;Malin;;01/05/1986;;10;0
1066;NEUILLY EN THELLE;FRANCHISE;8608;000001578;Banlieue Résidentielle;Malin;;15/05/1991;;6;
1228;NEUVILLE -LIBERATION;INTEGRE;7573;000002200;Petit Centre-Ville;Malin;;01/08/1973;;10;0
778;NEVERS -COLBERT;FRANCHISE;8838;000003022;Petit Centre-Ville;Dynamique;;02/10/2017;;12;4
1192;NICE -CALIFORNIE;FRANCHISE;8001;000001104;Centre Urbain;Urbain pratique;saisonnier été;22/04/1997;;7;4
8774;NICE -GAMBETTA;FRANCHISE;1931;000001000;Centre Urbain;Urbain pratique;saisonnier été;05/12/2015;;8;0
684;NICE -MONT BORON;INTEGRE;7886;000001500;Centre Urbain;Urbain premium;saisonnier été;15/11/2005;;10;0
755;NICE -NOTRE DAME;FRANCHISE;8164;000000990;Centre Urbain;Urbain pratique;;05/12/2012;;7;0
811;NICE -PESSICART;FRANCHISE;9032;000001526;Centre Urbain;Urbain pratique;;31/01/2013;;8;0
665;NICE -ST ANDRE;INTEGRE;7633;000001500;Banlieue Résidentielle;Malin;;06/10/2004;;7;0
13774;NICE LE RAY;FRANCHISE;0932;000003233;Centre Urbain;Urbain premium;saisonnier été;;;14;10
7524;NIMES -CARBONNEL;FRANCHISE;2902;000001047;Petit Centre-Ville;Urbain pratique;;01/11/2016;;5;0
1191;NIMES -PAINLEVE;FRANCHISE;8002;000001495;Petit Centre-Ville;Urbain pratique;;18/03/1997;;8;4
1249;NIORT;FRANCHISE;8147;000001925;Petit Centre-Ville;Malin;;01/05/2017;;8;0
747;NIVILLAC;FRANCHISE;8590;000002240;Banlieue Résidentielle;Dynamique;;03/11/2007;;9;
599;NOGARO;FRANCHISE;7932;000002200;Ruraux;Malin;;10/10/1990;;9;0
506;NOGENT LE ROI;FRANCHISE;8277;000001727;Banlieue Résidentielle;Malin;;29/11/1990;;7;0
1029;NOGENT S/SEINE;FRANCHISE;7801;000001589;Banlieue Résidentielle;Malin;;11/10/1989;;6;0
446;NOISY LE SEC;FRANCHISE;8544;000001200;Centre Urbain;Urbain pratique;;16/08/2006;;6;4
692;NONANCOURT;FRANCHISE;8183;000002000;Petit Centre-Ville;Malin;;01/07/2018;;9;0
1009;NOUZONVILLE;FRANCHISE;7802;000001611;Banlieue Résidentielle;Malin;;08/06/1983;;7;0
1166;NUITS ST GEORGES;FRANCHISE;8041;000001799;Banlieue Résidentielle;Dynamique;;12/06/1991;;8;0
533;OBJAT;FRANCHISE;7710;000001935;Ruraux;Malin;;10/04/1984;;8;0
476;OCTEVILLE;FRANCHISE;8247;000001200;Petit Centre-Ville;Malin;;05/05/1990;;6;0
1236;OFFRANVILLE;INTEGRE;8148;000001900;Ruraux;Dynamique;;01/05/1994;;12;0
507;OLLIOULES;FRANCHISE;7536;000001350;Centre Urbain;Urbain pratique;;01/09/2005;;6;4
870;OPIO;FRANCHISE;7538;000000900;Banlieue Résidentielle;Dynamique;saisonnier été;01/09/1993;;6;0
342;ORBEC -VESPIERE;FRANCHISE;8434;000002249;Ruraux;Dynamique;;27/06/2000;;10;0
1246;ORLEANS -MADELEINE;FRANCHISE;8149;000001699;Centre Urbain;Urbain pratique;;01/02/2016;;8;0
1224;ORLEANS -OLIVET;FRANCHISE;8150;000001379;Petit Centre-Ville;Malin;;01/03/1986;;7;0
1210;ORLEANS -ST MESMIN;FRANCHISE;8151;000002314;Centre Urbain;Urbain pratique;;31/05/2018;;10;0
909;OS MARSILLON;FRANCHISE;8411;000001680;Ruraux;Malin;;01/12/1995;;7;0
411;OUISTREHAM;FRANCHISE;8196;000003229;Banlieue Résidentielle;Dynamique;saisonnier été;18/06/1986;;13;4
8785;OULLINS;FRANCHISE;3614;000001248;Centre Urbain;Urbain pratique;;09/02/2016;;7;4
840;OYONNAX -BRILLAT;FRANCHISE;8042;000002980;Grands magasins de périphérie;Dynamique;;27/11/1969;;14;0
1235;PACY S/EURE;FRANCHISE;8152;000001470;Banlieue Résidentielle;Dynamique;;01/06/2018;;6;0
904;PALAVAS LES FLOTS;FRANCHISE;8403;000001600;Banlieue Résidentielle;Malin;saisonnier été;04/04/1995;;8;
649;PARIGNY;FRANCHISE;7727;000001850;Ruraux;Malin;;12/08/1986;;9;0
510;PARIS -ALESIA;INTEGRE;7578;000002235;Centre Urbain;Urbain premium;;01/05/2006;;18;15
8705;PARIS -AMELOT;FRANCHISE;1716;000001077;Centre Urbain;Urbain premium;;16/08/2016;;9;4
508;PARIS -BARBES;INTEGRE;7647;000001280;Centre Urbain;Urbain premium;;31/10/2005;;9;8
13783;PARIS -BATIGNOLLES;FRANCHISE;1891;000001712;Centre Urbain;Urbain premium;;06/12/2018;;13;5
933;PARIS -BRUNE;FRANCHISE;7888;000001000;Centre Urbain;Urbain pratique;;01/02/1997;;6;
8342;PARIS -CHARONNE103;FRANCHISE;6623;000000794;Centre Urbain;Urbain premium;;21/08/2018;;5;4
390;PARIS -DEMOURS;FRANCHISE;7577;000000927;Centre Urbain;Urbain premium;;01/05/2006;;7;5
14816;PARIS -GAMBETTA;FRANCHISE;6869;000001776;Centre Urbain;Urbain pratique;;;;12;5
941;PARIS -ITALIE 2;FRANCHISE;7889;000003500;Centre Urbain;Urbain premium;;04/05/2018;;17;15
7527;PARIS -JAURES;INTEGRE;0613;000000990;Centre Urbain;Urbain pratique;;01/12/2016;;9;5
6984;PARIS -LECOURBE;FRANCHISE;9355;000000915;Centre Urbain;Urbain premium;;30/03/2018;;6;0
798;PARIS -LYON;INTEGRE;8949;000001639;Centre Urbain;Urbain premium;;01/07/2011;;10;9
524;PARIS -MARCADET;FRANCHISE;8282;000001185;Centre Urbain;Urbain premium;;03/04/2018;;12;0
511;PARIS -MAUBEUGE;INTEGRE;7579;000000990;Centre Urbain;Urbain premium;;01/05/2006;;5;8
6900;PARIS -MOQUET;FRANCHISE;6657;000000843;Centre Urbain;Urbain premium;;22/12/2017;;6;0
415;PARIS -NATIONALE;INTEGRE;7890;000001658;Centre Urbain;Urbain premium;;02/01/1985;;10;7
7528;PARIS -ORNANO 19;FRANCHISE;6608;000000990;Centre Urbain;Urbain premium;;14/01/2017;;8;
512;PARIS -PROCESSION;FRANCHISE;7581;000000975;Centre Urbain;Urbain premium;;01/05/2008;;5;4
963;PARIS -PYRENEES;INTEGRE;7891;000001180;Centre Urbain;Urbain premium;;01/01/1969;;6;6
389;PARIS -ROCHECHOUART;INTEGRE;7925;000001170;Centre Urbain;Urbain premium;;01/10/2000;;11;9
513;PARIS -SEINE;INTEGRE;7582;000000780;Centre Urbain;Urbain premium;;01/05/2006;;6;8
6484;PARIS -SEVRES 42;INTEGRE;6865;000002360;Centre Urbain;Urbain premium;;18/01/2018;;13;9
514;PARIS -ST MARCEL;INTEGRE;7583;000001345;Centre Urbain;Urbain premium;;01/05/2008;;13;6
515;PARIS -ST OUEN 102;INTEGRE;7646;000001860;Centre Urbain;Urbain premium;;05/12/1990;;12;10
516;PARIS -TOLBIAC 174;FRANCHISE;7584;000000955;Centre Urbain;Urbain premium;;01/05/2006;;8;0
799;PARIS -TURGOT;FRANCHISE;8952;000000966;Centre Urbain;Urbain premium;;15/12/2011;;9;
964;PARIS -VOUILLE;INTEGRE;7892;000001228;Centre Urbain;Urbain premium;;06/12/1990;;12;6
1141;PAU -KENNEDY;FRANCHISE;8465;000001015;Centre Urbain;Dynamique;;01/01/2018;;6;0
598;PAUILLAC;FRANCHISE;7893;000002070;Banlieue Résidentielle;Malin;;31/12/1970;;9;0
17870;PAULHAN;FRANCHISE;4662;000002000;Ruraux;;;05/04/2022;;7;3
920;PAVILLY;INTEGRE;7894;000001640;Petit Centre-Ville;Dynamique;;09/11/1994;;10;0
637;PECHBONNIEU;FRANCHISE;8442;000001800;Banlieue Résidentielle;Dynamique;;12/09/2002;;8;
745;PENESTIN -PONTCANO;FRANCHISE;8591;000001500;Banlieue Résidentielle;Malin;saisonnier été;03/11/2007;;7;4
699;PENVENAN -LANNION;FRANCHISE;8526;000001800;Ruraux;Malin;saisonnier été;08/12/2008;;9;0
990;PERIERS -CARENTAN;INTEGRE;8074;000001800;Ruraux;Malin;;01/03/1989;;10;0
1172;PERONNAS;FRANCHISE;8043;000001605;Petit Centre-Ville;Malin;;27/09/1994;;7;0
1173;PERRIGNY -CHAMPAGNOL;FRANCHISE;8044;000001652;Banlieue Résidentielle;Malin;;07/03/1995;;7;0
636;PERTUIS;INTEGRE;7634;000004845;Grands magasins de périphérie;Dynamique;;01/07/2007;;18;3
856;PESSAC -ALOUETTES;FRANCHISE;7548;000001564;Petit Centre-Ville;Malin;;01/04/2003;;9;0
1124;PEYREHORADE -BAYONNE;INTEGRE;8462;000002450;Ruraux;Malin;;22/05/1973;;10;0
15514;PEYRIAC -MINERVOIS;FRANCHISE;2619;000001800;Ruraux;Malin;;05/11/2019;;;
573;PEZENAS -BEZIERS;FRANCHISE;8326;000003522;Grands magasins de périphérie;Dynamique;saisonnier été;29/05/1991;;12;8
654;PIBRAC;INTEGRE;7732;000002900;Grands magasins de périphérie;Dynamique;;24/08/2004;;10;4
954;PIERRELATTE;INTEGRE;7895;000002950;Grands magasins de périphérie;Dynamique;;19/05/1987;;11;0
1223;PIERRES;INTEGRE;8154;000002482;Banlieue Résidentielle;Dynamique;;02/06/1982;;8;4
6354;PIGNANS;FRANCHISE;2983;000001038;Banlieue Résidentielle;Malin;;01/12/2016;;6;0
1064;PINON;FRANCHISE;8606;000001042;Ruraux;Dynamique;;01/11/1966;;5;0
911;PINS JUSTARET;FRANCHISE;8412;000001300;Banlieue Résidentielle;Dynamique;;24/01/1996;;6;0
1291;PLEDRAN;FRANCHISE;8094;000001619;Petit Centre-Ville;Malin;;20/08/1996;;6;0
765;PLOEMEUR -BRETAGNE;INTEGRE;7718;000002582;Centre Urbain;Urbain pratique;;21/06/1973;;10;4
884;PLOEUC-L'HERMITAGE;FRANCHISE;8566;000001800;Ruraux;Malin;;29/09/1982;;6;0
566;PLOMEUR;FRANCHISE;8320;000001800;Petit Centre-Ville;Malin;;28/11/1990;;8;
700;PLOUAGAT;FRANCHISE;8184;000001936;Banlieue Résidentielle;Malin;saisonnier été;29/03/2006;;8;0
862;PLOUAY;FRANCHISE;8353;000001831;Ruraux;Malin;saisonnier été;01/09/1992;;8;2
719;PLOUBALAY;FRANCHISE;7624;000002200;Banlieue Résidentielle;Malin;saisonnier été;27/05/2009;;10;0
887;PLOUHA;FRANCHISE;8470;000001800;Ruraux;Malin;saisonnier été;01/04/2006;;6;0
698;PLOUHINEC;INTEGRE;7522;000002682;Ruraux;Malin;saisonnier été;02/01/2006;;9;0
947;PLUNERET -KERFONTAIN;INTEGRE;7897;000003546;Grands magasins de périphérie;Dynamique;;01/04/1983;;12;5
7291;POISSY;FRANCHISE;6658;000000698;Centre Urbain;Malin;;29/11/2016;;5;0
565;POIX DE PICARDIE;INTEGRE;7898;000002240;Ruraux;Dynamique;;06/11/1990;;10;0
942;PONT AUDEMER -ETANG;FRANCHISE;7899;000001221;Petit Centre-Ville;Malin;;08/07/1980;;7;0
979;PONT AUDEMER -LION;INTEGRE;8632;000003780;Grands magasins de périphérie;Dynamique;;17/10/1979;;13;4
691;PONT DE CHERUY;FRANCHISE;7648;000002317;Grands magasins de périphérie;Malin;;01/07/1970;;8;0
813;PONT EVEQUE;INTEGRE;8045;000002400;Banlieue Résidentielle;Dynamique;;12/12/1973;;9;4
790;PONT L'ABBE D'ARNOUL;FRANCHISE;8931;000002049;Ruraux;Malin;;09/06/2010;;6;0
1189;PONT ST ESPRIT;FRANCHISE;8003;000001123;Banlieue Résidentielle;Dynamique;;11/06/1996;;6;0
406;PONTAULT COMBAULT;INTEGRE;7901;000001100;Petit Centre-Ville;Dynamique;;09/05/1985;;5;4
1119;PONTGIBAUD;FRANCHISE;8602;000001200;Ruraux;Malin;;01/07/1987;;5;0
477;PONTORSON;FRANCHISE;7637;000002383;Ruraux;Malin;saisonnier été;01/05/2017;;9;0
1290;PORNICHET;INTEGRE;8095;000002170;Petit Centre-Ville;Urbain pratique;saisonnier été;10/07/1996;;8;4
5661;PORT VENDRES;FRANCHISE;1761;000000924;Petit Centre-Ville;Malin;saisonnier été;01/01/2006;;0;
517;PORTICCIO;FRANCHISE;8278;000001450;Banlieue Résidentielle;Dynamique;saisonnier été;01/06/1988;;10;0
5655;POUSSAN;FRANCHISE;1728;000000991;Ruraux;Malin;;01/07/2016;;6;
744;PRAYSSAC;FRANCHISE;8588;000001823;Ruraux;Malin;saisonnier été;03/04/1992;;8;0
1078;PREMERY;FRANCHISE;7706;000001800;Ruraux;Malin;;01/12/1976;;7;0
858;PRIGONRIEUX;FRANCHISE;8351;000002200;Ruraux;Malin;;01/01/1990;;8;0
712;PROPRIANO;FRANCHISE;8535;000001500;Ruraux;Malin;saisonnier été;27/07/2006;;11;0
1162;PUGET THENIERS;FRANCHISE;9033;000000962;Ruraux;Malin;;15/05/2013;;5;
578;PUISEUX PONTOISE;INTEGRE;7928;000002716;Grands magasins de périphérie;Dynamique;;19/09/1990;;16;0
1152;PUYGOUZON;FRANCHISE;6994;000002890;Ruraux;Malin;;01/01/2014;;12;0
620;QUESNOY S/DEULE;FRANCHISE;7963;000001772;Banlieue Résidentielle;Malin;;31/12/1977;;7;
1277;QUESTEMBERT;FRANCHISE;8096;000002500;Grands magasins de périphérie;Malin;;24/10/1991;;11;0
1263;QUEVERT DINAN;FRANCHISE;8084;000003399;Grands magasins de périphérie;Dynamique;;06/05/1971;;17;0
408;QUIEVRECHAIN;INTEGRE;7534;000002000;Centre Urbain;Malin;;11/06/1985;;9;0
869;QUILLAN;FRANCHISE;8371;000002100;Ruraux;Malin;saisonnier été;01/07/1993;;6;0
567;QUIMPERLE;FRANCHISE;8321;000002500;Petit Centre-Ville;Malin;;18/01/1991;;8;4
402;RAILLENCOURT;INTEGRE;7988;000002284;Grands magasins de périphérie;Malin;;01/10/1988;;7;4
709;REBAIS;FRANCHISE;8537;000001500;Ruraux;Dynamique;;29/03/1990;;7;0
666;REIGNIER;INTEGRE;7632;000002914;Ruraux;Dynamique;;31/01/1996;;12;0
1049;REIMS -CLEMENCEAU;FRANCHISE;7803;000002040;Centre Urbain;Urbain pratique;;01/09/1976;;12;4
1050;REIMS -GAMBETTA;INTEGRE;7762;000002090;Centre Urbain;Urbain pratique;;01/05/1972;;6;4
647;REIMS -PARIS;FRANCHISE;8449;000001540;Petit Centre-Ville;Urbain pratique;;17/09/2003;;6;0
1030;REIMS -PLACE LUTON;FRANCHISE;7804;000001303;Petit Centre-Ville;Urbain pratique;;01/09/1977;;6;0
981;REIMS GOSSET;FRANCHISE;7904;000002998;Grands magasins de périphérie;Urbain pratique;;01/06/1995;;13;0
528;REMOULINS;FRANCHISE;8284;000001800;Ruraux;Dynamique;;01/12/2018;;9;0
805;RENAISON -ETANGS;FRANCHISE;8962;000002000;Banlieue Résidentielle;Malin;;01/03/2012;;7;
1267;RENNES -3 SOLEILS;FRANCHISE;8098;000001300;Centre Urbain;Urbain pratique;;12/10/1978;;7;4
1262;RENNES -B L'EVEQUE;INTEGRE;7440;000001603;Centre Urbain;Urbain pratique;;01/11/1968;;9;4
1274;RENNES -LA POTERIE;FRANCHISE;8513;000002312;Centre Urbain;Urbain pratique;;03/10/1990;;11;4
1282;RENNES -VILLEJEAN;INTEGRE;8100;000001900;Centre Urbain;Urbain pratique;;01/06/1969;;12;8
1147;REQUISTA;FRANCHISE;4004;000001920;Ruraux;Malin;saisonnier été;06/02/2014;;9;0
519;RETTEL;FRANCHISE;8279;000002350;Banlieue Résidentielle;Malin;;01/10/2018;;9;0
896;RIEC S/BELON;FRANCHISE;8398;000001735;Ruraux;Malin;saisonnier été;14/12/1994;;5;0
926;RIEUMES;FRANCHISE;8432;000002496;Ruraux;Malin;;08/02/1999;;8;
820;RILLIEUX -VILLAGE;FRANCHISE;8047;000002500;Banlieue Résidentielle;Dynamique;;01/05/1977;;11;4
1100;RIOM;FRANCHISE;7707;000001656;Petit Centre-Ville;Malin;;01/03/1989;;8;0
433;RIOM ES MONTAGNES;FRANCHISE;8209;000001745;Ruraux;Malin;saisonnier été;01/04/2018;;6;0
846;RIORGES;INTEGRE;8048;000002015;Centre Urbain;Malin;;23/06/1972;;8;4
845;RIVE DE GIER;INTEGRE;8049;000001953;Banlieue Résidentielle;Dynamique;;14/10/1987;;10;4
816;RIVES S/FURES;INTEGRE;8050;000001882;Banlieue Résidentielle;Dynamique;;20/07/1977;;8;0
1183;ROANNE;FRANCHISE;8051;000002473;Grands magasins de périphérie;Malin;;17/03/1998;;9;0
8110;ROCHEMAURE;FRANCHISE;3938;000000926;Ruraux;Malin;saisonnier été;01/10/2016;;5;0
906;ROCROI;FRANCHISE;8405;000001144;Ruraux;Dynamique;;01/08/1995;;5;0
922;ROGNAC;INTEGRE;7653;000002508;Banlieue Résidentielle;Dynamique;;01/01/1997;;12;0
678;ROMILLY S/S -MARAIS;FRANCHISE;7643;000002150;Grands magasins de périphérie;Malin;;24/08/2005;;10;0
583;ROOST WARENDIN;FRANCHISE;8333;000001006;Ruraux;Malin;;25/04/2016;;5;0
7450;ROQUEBILLIERES;FRANCHISE;6911;000000990;Ruraux;Dynamique;;18/01/1995;;6;
7301;ROQUEBRUNE S/ARGENS;FRANCHISE;6659;000000680;Banlieue Résidentielle;Malin;saisonnier été;01/08/2017;;6;0
7300;ROQUEVAIRE;FRANCHISE;6660;000000956;Ruraux;Malin;;01/08/2018;;5;0
934;ROUVROY;INTEGRE;7905;000002493;Grands magasins de périphérie;Dynamique;;01/04/1991;;10;4
8709;ROZAY EN BRIE;FRANCHISE;1717;000002000;Ruraux;Malin;;03/05/2016;;10;0
1053;RUBELLES;INTEGRE;7805;000002374;Grands magasins de périphérie;Dynamique;;01/08/1992;;13;4
393;RUE MOULINS;INTEGRE;7989;000002100;Ruraux;Malin;saisonnier été;01/04/1988;;8;4
14873;RUEIL MALM -ARSENAL;FRANCHISE;2387;000002441;Centre Urbain;;;10/05/2022;;9;5
741;RUEIL MALM -COLMAR;INTEGRE;7567;000002000;Centre Urbain;Urbain pratique;;01/10/2009;;12;0
1023;RUEIL MALM -SUE;FRANCHISE;7806;000000725;Centre Urbain;Urbain pratique;;01/10/1974;;7;0
823;RUY;FRANCHISE;8052;000002378;Petit Centre-Ville;Dynamique;;01/07/1981;;7;4
1217;SABLE S/SARTHE;FRANCHISE;8155;000002790;Grands magasins de périphérie;Malin;;01/02/1974;;8;4
1068;SALBRIS;FRANCHISE;7745;000002200;Ruraux;Malin;;30/06/2017;;6;0
1135;SALIES DE BEARN;FRANCHISE;8439;000002200;Ruraux;Malin;;01/03/1987;;9;0
5649;SALLANCHES -LANCHE;FRANCHISE;1703;000001077;Centre Urbain;Urbain pratique;;01/08/2018;;6;0
568;SALLES;FRANCHISE;8323;000002500;Banlieue Résidentielle;Dynamique;;01/09/2007;;8;4
8784;SALON DE P -MORGAN;FRANCHISE;3616;000001345;Centre Urbain;Urbain pratique;;02/02/2016;;9;0
1194;SALON PROV -CANOURGU;FRANCHISE;8004;000001140;Petit Centre-Ville;Dynamique;;01/10/2018;;6;0
883;SAMOENS;FRANCHISE;8390;000002400;Banlieue Résidentielle;Dynamique;saisonnier été-hiver;23/06/1992;;12;0
1072;SANCERRE;INTEGRE;7746;000002200;Ruraux;Malin;;16/12/1971;;10;0
877;SARLAT -BRIVE;INTEGRE;7758;000004901;Grands magasins de périphérie;Dynamique;saisonnier été;01/08/1981;;20;4
663;SASSENAGE;INTEGRE;7759;000002050;Banlieue Résidentielle;Malin;;01/06/2004;;9;0
5684;SAULX LES CHARTREUX;FRANCHISE;1827;000000827;Centre Urbain;Malin;;10/05/2016;;5;0
1255;SAUSSAY;FRANCHISE;8156;000002800;Grands magasins de périphérie;Dynamique;;04/09/2018;;12;0
761;SCHEIBENHARD;INTEGRE;7547;000002990;Banlieue Résidentielle;Dynamique;;13/10/2003;;12;4
827;SCIONZIER -LACS 161;INTEGRE;8053;000002103;Grands magasins de périphérie;Malin;;01/04/1983;;10;0
547;SCY CHAZELLES;FRANCHISE;8300;000001300;Petit Centre-Ville;Dynamique;;24/02/1998;;7;0
946;SECLIN;FRANCHISE;7927;000001700;Petit Centre-Ville;Malin;;01/01/1981;;9;
1214;SEES;FRANCHISE;8157;000001402;Ruraux;Malin;;01/10/2018;;6;0
689;SETE;INTEGRE;7604;000001650;Centre Urbain;Dynamique;saisonnier été;28/07/2005;;5;4
468;SEVRIER;FRANCHISE;8239;000001800;Banlieue Résidentielle;Dynamique;saisonnier été;01/05/1985;;10;0
873;SEYNOD;FRANCHISE;8377;000001346;Petit Centre-Ville;Malin;;01/11/1973;;8;0
874;SEYSSEL;FRANCHISE;8378;000002000;Ruraux;Dynamique;saisonnier été;01/06/1982;;8;
8112;SIGEAN;FRANCHISE;6452;000000846;Petit Centre-Ville;Malin;saisonnier été;01/01/2006;;5;0
787;SIORAC EN PERIGORD;FRANCHISE;5375;000002459;Ruraux;Malin;saisonnier été;04/03/2010;;8;0
5648;SIX FOURS -SABLETTES;FRANCHISE;1702;000000719;Banlieue Résidentielle;Malin;saisonnier été;10/11/2015;;0;0
903;SIX FOURS LES PLAGES;FRANCHISE;8402;000002014;Banlieue Résidentielle;Urbain pratique;saisonnier été;24/04/1995;;13;0
421;SOLESMES;FRANCHISE;8199;000001310;Petit Centre-Ville;Malin;;01/06/2010;;5;
358;SOMAIN -SEMARD;FRANCHISE;7964;000001190;Ruraux;Dynamique;;10/05/1990;;6;0
843;SORBIERS;INTEGRE;8054;000002960;Grands magasins de périphérie;Dynamique;;12/12/1979;;9;4
8113;SORGUES;FRANCHISE;6457;000001068;Petit Centre-Ville;Malin;;01/09/2016;;6;
1205;SOTTEVILLE LES ROUEN;INTEGRE;7517;000002317;Grands magasins de périphérie;Malin;;02/06/1965;;10;5
420;SOULAC S/M -GODINEAU;INTEGRE;7906;000002390;Ruraux;Malin;saisonnier été;31/12/1968;;16;0
1151;ST AFFRIQUE;FRANCHISE;4000;000002930;Ruraux;Malin;saisonnier été;01/01/2014;;12;4
657;ST AMAND -2;INTEGRE;7740;000003062;Grands magasins de périphérie;Dynamique;;31/08/1994;;10;4
900;ST AMAND LES EAUX;FRANCHISE;8400;000001289;Petit Centre-Ville;Malin;;01/03/1995;;4;0
1112;ST AMAND MONTROND;FRANCHISE;7749;000002850;Grands magasins de périphérie;Dynamique;;01/06/2017;;14;0
977;ST AMBROIX;INTEGRE;7907;000001978;Ruraux;Dynamique;saisonnier été;15/07/1984;;10;0
836;ST ANDRE DE CORCY;FRANCHISE;8055;000002359;Banlieue Résidentielle;Dynamique;;26/08/1987;;11;0
487;ST ANDRE DE L'EURE;FRANCHISE;7908;000002321;Banlieue Résidentielle;Dynamique;;27/05/1987;;10;0
1285;ST AUBIN DU CORMIER;FRANCHISE;8514;000002835;Banlieue Résidentielle;Malin;;26/06/1990;;11;0
1231;ST AUBIN LES ELBEUF;FRANCHISE;8158;000001015;Banlieue Résidentielle;Malin;;01/01/1980;;5;0
5686;ST BONNET CHAMPSAUR;FRANCHISE;1773;000000843;Ruraux;Malin;saisonnier été-hiver;01/10/2017;;7;0
800;ST CALAIS -PRESSOIR;INTEGRE;8954;000002200;Ruraux;Malin;;27/07/2011;;6;4
540;ST CLAIR DE LA TOUR;FRANCHISE;8294;000002500;Grands magasins de périphérie;Dynamique;;07/11/1990;;12;0
472;ST CYPRIEN;FRANCHISE;8244;000002122;Ruraux;Malin;saisonnier été;03/05/1988;;8;0
1121;ST DENIS EN VAL;FRANCHISE;8604;000001100;Banlieue Résidentielle;Malin;;30/08/1982;;6;0
851;ST DENIS LES BOURG;INTEGRE;8056;000002873;Grands magasins de périphérie;Dynamique;;31/12/1982;;13;4
762;ST ELOY LES MINES;FRANCHISE;8518;000002600;Ruraux;Malin;;15/01/2009;;10;0
5662;ST ETIENNE -NDIE;FRANCHISE;1752;000000962;Petit Centre-Ville;Malin;;01/10/2016;;5;
1084;ST FLORENT -MOULIN;FRANCHISE;7750;000003011;Ruraux;Malin;;23/03/1972;;10;0
434;ST FLOUR;FRANCHISE;8211;000002740;Grands magasins de périphérie;Dynamique;saisonnier été;30/09/1987;;16;0
1185;ST FONS;INTEGRE;8057;000001369;Centre Urbain;Urbain pratique;;01/01/1998;;6;4
1120;ST GAULTIER;FRANCHISE;8536;000001271;Ruraux;Malin;;01/10/2007;;5;0
592;ST GENIS POUILLY;FRANCHISE;8343;000001200;Petit Centre-Ville;Malin;;28/11/1990;;7;0
658;ST GERMAIN DU CORBEI;FRANCHISE;7595;000002300;Petit Centre-Ville;Malin;;20/04/2004;;9;0
1048;ST GERMAIN EN LAYE;INTEGRE;7808;000001415;Centre Urbain;Urbain pratique;;05/05/1999;;5;4
743;ST GERMAIN PUY -FENE;INTEGRE;7611;000003100;Grands magasins de périphérie;Dynamique;;19/11/2008;;12;4
538;ST GIRONS 2;FRANCHISE;7726;000001800;Ruraux;Malin;;16/06/2003;;7;0
639;ST GRATIEN;FRANCHISE;8443;000001340;Centre Urbain;Urbain pratique;;19/11/2002;;11;4
1288;ST JACQUES DE LA LAN;FRANCHISE;8102;000001659;Petit Centre-Ville;Malin;;08/10/1997;;7;0
1197;ST JEAN D'AULPS;FRANCHISE;8612;000002497;Ruraux;Dynamique;saisonnier été-hiver;03/07/1996;;12;0
879;ST JEAN DE BRAYE;FRANCHISE;8383;000001550;Banlieue Résidentielle;Malin;;27/09/1989;;7;0
447;ST JEAN DE LUZ;FRANCHISE;8222;000001500;Petit Centre-Ville;Urbain pratique;saisonnier été;02/04/1981;;6;0
455;ST JEAN DE MAURIENNE;FRANCHISE;8229;000003000;Ruraux;Malin;saisonnier été-hiver;01/05/1980;;14;0
875;ST JEAN DE MOIRANS;FRANCHISE;8379;000001480;Petit Centre-Ville;Dynamique;;01/07/1987;;8;0
1130;ST JEAN PIED DE PORT;INTEGRE;8457;000002100;Banlieue Résidentielle;Malin;saisonnier été;01/06/1970;;8;0
385;ST JEOIRE PRIEURE;FRANCHISE;8240;000001643;Banlieue Résidentielle;Malin;;01/06/1985;;8;0
752;ST JORY;FRANCHISE;8192;000002100;Grands magasins de périphérie;Malin;;29/10/2008;;10;0
682;ST JUERY;FRANCHISE;8573;000001760;Petit Centre-Ville;Malin;;29/11/2004;;8;0
708;ST JULIEN DE CONCELL;FRANCHISE;8532;000002500;Grands magasins de périphérie;Dynamique;;01/07/2012;;11;0
593;ST JULIEN EN G -AMED;FRANCHISE;8344;000002150;Banlieue Résidentielle;Dynamique;;01/03/1985;;10;0
453;ST JULIEN EN G -PUY;FRANCHISE;8227;000001500;Banlieue Résidentielle;Dynamique;;01/08/1977;;12;
650;ST JUST MALMONT;FRANCHISE;8466;000001840;Banlieue Résidentielle;Malin;;20/10/2003;;6;0
791;ST LEONARD DE NOBLAT;FRANCHISE;8932;000002063;Ruraux;Malin;;06/04/2010;;8;0
13770;ST LO;FRANCHISE;1464;000003824;Grands magasins de périphérie;Dynamique;;01/09/2018;;16;5
16273;ST LOUBES -REPUBLIQ;FRANCHISE;4054;000001500;Banlieue Résidentielle;Urbain pratique;;13/12/2005;;7;0
1265;ST MALO -PASTEUR;FRANCHISE;8568;000000883;Petit Centre-Ville;Urbain pratique;saisonnier été;01/05/1975;;6;0
830;ST MARCEL;FRANCHISE;8058;000002334;Banlieue Résidentielle;Dynamique;;01/06/1984;;7;4
344;ST MARTIN D'AUXIGNY;FRANCHISE;7734;000002430;Ruraux;Malin;;01/08/2007;;8;0
5687;ST MARTIN D'HERES;FRANCHISE;1757;000000816;Centre Urbain;Urbain pratique;;01/12/2016;;5;
697;ST MARTIN FONTENAY;FRANCHISE;8525;000001890;Ruraux;Malin;;16/01/2006;;8;0
1244;ST MARTIN VX BELLEME;FRANCHISE;8109;000001580;Ruraux;Malin;;01/02/2018;;7;0
972;ST MAUR DES F -DELER;INTEGRE;7909;000001794;Banlieue Résidentielle;Urbain premium;;24/05/1972;;12;0
1040;ST MAURICE;INTEGRE;7809;000001250;Centre Urbain;Urbain pratique;;01/06/1994;;6;5
1177;ST MICHEL DE MAURIEN;FRANCHISE;8059;000001070;Ruraux;Malin;saisonnier été-hiver;01/11/1995;;6;0
546;ST MIHIEL;FRANCHISE;8299;000001670;Ruraux;Malin;saisonnier été;02/01/1988;;7;0
7151;ST MITRE LES REMPART;FRANCHISE;3081;000000782;Banlieue Résidentielle;Malin;;01/08/2016;;5;0
985;ST NAZAIRE -VILLEPOR;INTEGRE;8103;000003000;Grands magasins de périphérie;Malin;;01/01/2002;;9;8
907;ST PAUL DE FENOUILLE;FRANCHISE;8408;000001400;Ruraux;Malin;;01/12/1995;;6;0
1139;ST PIERRE D'IRUBE;INTEGRE;8456;000002200;Banlieue Résidentielle;Dynamique;;26/04/1995;;10;0
759;ST PIERRE EGLISE;FRANCHISE;8624;000001846;Ruraux;Malin;;24/06/2009;;8;0
1026;ST PIERRE LES NEMOUR;INTEGRE;7810;000002500;Centre Urbain;Dynamique;;01/10/1975;;11;0
890;ST PIERRE MONTLIMART;FRANCHISE;8396;000001600;Banlieue Résidentielle;Malin;;24/08/1994;;6;0
1092;ST POURCAIN S/SIOULE;INTEGRE;7752;000002990;Ruraux;Dynamique;;10/03/1982;;15;0
723;ST PRIEST -HERRIOT;FRANCHISE;7540;000002001;Petit Centre-Ville;Malin;;07/01/2008;;12;4
5356;ST PRIVAT DES VIEUX;FRANCHISE;6474;000000829;Ruraux;Malin;;01/12/2016;;4;0
1165;ST QUENTIN FALLAVIER;INTEGRE;8060;000002275;Grands magasins de périphérie;Dynamique;;01/07/1974;;10;0
1024;ST REMY LES CHEVREUS;FRANCHISE;7811;000001526;Banlieue Résidentielle;Dynamique;;01/03/1989;;8;0
413;ST ROMAIN DE COLBOSC;FRANCHISE;7530;000001138;Banlieue Résidentielle;Dynamique;;01/06/1981;;6;0
674;ST SAENS;FRANCHISE;8555;000001451;Ruraux;Malin;;10/01/2005;;6;
448;ST SEVER;FRANCHISE;7651;000002200;Ruraux;Malin;;01/01/1984;;10;0
414;ST SOUPPLETS;FRANCHISE;7910;000002714;Banlieue Résidentielle;Dynamique;;01/07/1998;;12;0
867;ST SULPICE;FRANCHISE;8364;000003000;Grands magasins de périphérie;Dynamique;;15/12/1992;;12;4
460;ST SYMPHORIEN S/COIS;FRANCHISE;8233;000002197;Banlieue Résidentielle;Dynamique;;25/05/1988;;9;0
6487;ST VAAST LA HOUGUE;FRANCHISE;6784;000001990;Ruraux;Malin;saisonnier été;27/06/2017;;10;0
1108;ST YORRE;INTEGRE;7753;000002302;Ruraux;Malin;;25/09/1991;;9;0
898;STE ADRESSE;FRANCHISE;8399;000001100;Banlieue Résidentielle;Dynamique;;08/02/1995;;5;0
886;STE MAXIME -MERMOZ;FRANCHISE;8392;000002500;Petit Centre-Ville;Malin;saisonnier été;26/06/1994;;10;4
849;STE SIGOLENE;FRANCHISE;8061;000001600;Banlieue Résidentielle;Malin;;01/07/1985;;6;0
930;SURESNES -FERRY;FRANCHISE;7911;000001136;Centre Urbain;Urbain pratique;;01/02/1997;;6;4
929;SURESNES -VERDUN;FRANCHISE;7912;000002473;Centre Urbain;Urbain pratique;;21/10/1981;;14;5
383;TARBES -CLAVERIE;FRANCHISE;7913;000001600;Petit Centre-Ville;Malin;;01/10/2018;;8;0
449;TARBES -LACAUSSADE;FRANCHISE;8458;000001300;Petit Centre-Ville;Urbain pratique;;29/08/2016;;6;0
738;TARTAS;FRANCHISE;8586;000001800;Ruraux;Malin;;01/05/1972;;8;0
464;TAVERNY;INTEGRE;7636;000001799;Petit Centre-Ville;Dynamique;;01/01/1965;;6;4
1167;TENCE;FRANCHISE;8062;000001432;Ruraux;Malin;saisonnier été;31/03/1993;;7;
359;TERDEGHEM;FRANCHISE;7990;000001199;Ruraux;Malin;;31/05/2016;;5;0
360;TETEGHEM;FRANCHISE;7991;000001199;Centre Urbain;Urbain pratique;;01/11/1984;;6;0
984;THEIX;FRANCHISE;8104;000002690;Banlieue Résidentielle;Dynamique;;31/12/1992;;10;4
1258;THIBERVILLE;FRANCHISE;8571;000001433;Petit Centre-Ville;Malin;;01/09/1995;;6;0
1221;THIMERT GATELLES;INTEGRE;8160;000002502;Grands magasins de périphérie;Dynamique;;13/03/1985;;11;0
783;THIONVILLE;INTEGRE;8945;000001746;Petit Centre-Ville;Malin;;24/08/2011;;7;4
467;THONES;FRANCHISE;8238;000002581;Grands magasins de périphérie;Dynamique;saisonnier été-hiver;01/06/1983;;11;3
452;THONON LES B -FERRY;FRANCHISE;8226;000002382;Petit Centre-Ville;Malin;;01/11/1988;;12;4
824;THONON LES B -MORCY;FRANCHISE;8063;000001685;Petit Centre-Ville;Malin;;15/06/1977;;8;0
766;THORIGNE FOUILLARD;FRANCHISE;8621;000002020;Banlieue Résidentielle;Malin;;08/04/2009;;7;
616;THUMERIES;FRANCHISE;7966;000001167;Banlieue Résidentielle;Dynamique;;23/05/1984;;5;0
474;TINCHEBRAY;FRANCHISE;8245;000001500;Banlieue Résidentielle;Malin;;01/07/2006;;7;0
4906;TOULON -LE REVEST;FRANCHISE;1952;000000923;Banlieue Résidentielle;Malin;;01/11/2016;;4;
5657;TOULON -PRUNEAU;FRANCHISE;1730;000000890;Banlieue Résidentielle;Malin;;01/06/2016;;6;0
643;TOULON BOURGEOIS;INTEGRE;7594;000001376;Centre Urbain;Urbain pratique;;01/04/2003;;5;4
594;TOULOUSE -COMPANS;INTEGRE;7524;000003000;Centre Urbain;Urbain pratique;;01/10/1992;;14;12
14142;TOULOUSE -JEAN RIEUX;FRANCHISE;1487;000000960;Centre Urbain;Urbain premium;;19/03/2019;;4;4
537;TOULOUSE -JOLIMONT;INTEGRE;7719;000001570;Centre Urbain;Urbain pratique;;20/06/1990;;7;0
891;TOULOUSE -L'HERS;INTEGRE;8397;000002650;Centre Urbain;Urbain pratique;;01/09/1994;;12;0
348;TOULOUSE -LOMBEZ;INTEGRE;7914;000002410;Centre Urbain;Urbain pratique;;01/09/1965;;10;8
1679;TOULOUSE -MAOURINES;FRANCHISE;1666;000002000;Centre Urbain;Urbain pratique;;02/07/2018;;11;4
347;TOULOUSE -SEYSSES;FRANCHISE;8423;000001770;Centre Urbain;Urbain pratique;;13/11/1997;;8;0
569;TOULOUSE -ST MICH 11;INTEGRE;7931;000001930;Centre Urbain;Urbain pratique;;01/05/1970;;10;9
6882;TOULOUSE -TRENTIN;FRANCHISE;6747;000001700;Centre Urbain;Malin;;28/03/2017;;8;4
952;TOURCOING;INTEGRE;7723;000002000;Centre Urbain;Malin;;01/10/2005;;6;4
570;TOURGEVILLE;INTEGRE;7570;000001715;Petit Centre-Ville;Urbain pratique;saisonnier été;01/01/2006;;9;0
8710;TOURNAN EN BRIE;FRANCHISE;1718;000001900;Banlieue Résidentielle;Malin;;02/05/2016;;10;0
910;TOURNEFEUILLE;INTEGRE;7733;000003555;Grands magasins de périphérie;Dynamique;;01/10/1991;;14;4
961;TOURNON S/RHONE;FRANCHISE;7915;000002140;Grands magasins de périphérie;Malin;;06/06/1989;;10;0
435;TOURNUS -RESISTANCE;INTEGRE;7930;000002600;Ruraux;Malin;;01/07/1969;;9;4
1238;TOURS -FONTAINES;FRANCHISE;8161;000001375;Centre Urbain;Urbain pratique;;26/01/1977;;6;0
1242;TOURS -LA RICHE;FRANCHISE;8162;000001508;Centre Urbain;Urbain pratique;;01/03/2016;;8;0
1251;TOURS -TONNELE;FRANCHISE;7741;000001981;Centre Urbain;Urbain pratique;;22/10/1980;;8;3
14944;TRAPPES;FRANCHISE;2434;000000933;Centre Urbain;Urbain pratique;;20/01/2016;;;
521;TREMBLAY EN FRANCE;FRANCHISE;7585;000002600;Grands magasins de périphérie;Malin;;02/06/2017;;12;0
652;TRETS;INTEGRE;8469;000002412;Grands magasins de périphérie;Dynamique;;23/01/2004;;12;0
848;TREVOUX;INTEGRE;8064;000002870;Grands magasins de périphérie;Dynamique;;06/08/1975;;12;4
1041;TRILPORT;FRANCHISE;7812;000001700;Petit Centre-Ville;Malin;;01/04/1996;;7;0
881;TULLINS;FRANCHISE;8387;000002200;Grands magasins de périphérie;Dynamique;;01/11/1993;;8;0
672;UGINE;FRANCHISE;8471;000002100;Banlieue Résidentielle;Dynamique;saisonnier été-hiver;16/01/2004;;8;
838;UNIEUX;FRANCHISE;8065;000002308;Grands magasins de périphérie;Malin;;31/12/1982;;10;0
16507;UR;FRANCHISE;3755;000003590;Ruraux;Dynamique;saisonnier été;29/05/1991;;10;5
1132;URT;FRANCHISE;8611;000001700;Banlieue Résidentielle;Malin;saisonnier été;09/06/2016;;7;0
1042;VAIRES S/MARNE;FRANCHISE;7813;000001455;Banlieue Résidentielle;Dynamique;;04/09/2018;;4;4
339;VALBONNE;FRANCHISE;8177;000001805;Banlieue Résidentielle;Dynamique;saisonnier été;04/01/2021;;9;0
8196;VALENCIENNES -ARMES;FRANCHISE;6507;000001913;Centre Urbain;Urbain pratique;;18/04/2016;;6;5
522;VALENTON;FRANCHISE;8575;000001800;Centre Urbain;Malin;;01/06/2005;;8;0
5666;VALLEIRY;FRANCHISE;1760;000000949;Ruraux;Malin;;01/10/2017;;5;0
951;VALOGNES;FRANCHISE;7516;000002000;Banlieue Résidentielle;Malin;;01/06/2016;;10;0
668;VANNES -TOHANNIC;INTEGRE;7442;000002860;Grands magasins de périphérie;Dynamique;;05/10/2004;;10;4
945;VANVES;INTEGRE;7917;000001390;Centre Urbain;Urbain pratique;;01/03/1981;;10;7
807;VARENNES S/ALLIER;FRANCHISE;8864;000001700;Ruraux;Malin;;12/02/2018;;8;0
1079;VATAN;FRANCHISE;7754;000001200;Ruraux;Malin;;17/02/1997;;5;0
7278;VAULX EN VELIN;FRANCHISE;6755;000003500;Grands magasins de périphérie;Malin;;10/10/2017;;14;0
541;VAUVERT;FRANCHISE;8295;000001800;Banlieue Résidentielle;Dynamique;;01/11/1990;;9;0
1034;VAUX LE PENIL;FRANCHISE;7814;000001114;Banlieue Résidentielle;Dynamique;;01/09/1990;;5;0
818;VEAUCHE;INTEGRE;8066;000002416;Banlieue Résidentielle;Dynamique;;10/05/1978;;10;0
462;VELIZY -DE GAULLE;INTEGRE;7918;000000958;Centre Urbain;Urbain pratique;;01/01/1989;;6;4
363;VENDIN LES BETHUNE;FRANCHISE;7993;000001802;Petit Centre-Ville;Dynamique;;01/11/1986;;9;0
1208;VENDOME -ST OUEN;INTEGRE;7742;000002775;Grands magasins de périphérie;Dynamique;;04/02/1971;;8;4
5688;VENELLES;FRANCHISE;1764;000000684;Petit Centre-Ville;Malin;;01/05/2016;;6;0
810;VERNEUIL S/A-PT ROUG;FRANCHISE;8966;000002700;Banlieue Résidentielle;Malin;;01/07/2018;;10;0
597;VERNOUILLET;INTEGRE;7919;000002200;Banlieue Résidentielle;Dynamique;;02/01/1996;;13;0
1022;VERRIERES LE BUISSON;FRANCHISE;7815;000000988;Banlieue Résidentielle;Urbain pratique;;01/09/1983;;7;0
927;VERSAILLES;INTEGRE;7920;000001651;Banlieue Résidentielle;Urbain premium;;08/02/1989;;10;5
380;VERTON;FRANCHISE;8553;000001194;Petit Centre-Ville;Malin;saisonnier été;01/03/2007;;5;0
1031;VERTUS;FRANCHISE;7816;000001800;Ruraux;Dynamique;;01/06/1990;;7;0
1013;VERVINS;INTEGRE;7817;000001186;Ruraux;Malin;;01/07/1961;;6;0
7299;VEYNES;FRANCHISE;6661;000000648;Ruraux;Malin;;01/11/2017;;5;0
1035;VIARMES;INTEGRE;7818;000002144;Banlieue Résidentielle;Dynamique;;01/06/1991;;7;4
451;VIC FEZENSAC;FRANCHISE;8224;000001725;Ruraux;Malin;;19/11/1987;;6;0
557;VIENNE;FRANCHISE;8176;000001420;Petit Centre-Ville;Malin;;01/05/1993;;5;0
523;VIERZON -FORGES;FRANCHISE;8281;000001700;Petit Centre-Ville;Malin;;29/11/1989;;6;0
1104;VIERZON -REPUBLIQUE;FRANCHISE;7755;000001696;Petit Centre-Ville;Malin;;02/07/2018;;7;0
785;VILLEFRANCHE S/SAONE;FRANCHISE;8951;000001500;Centre Urbain;Urbain pratique;;16/05/2011;;5;4
608;VILLENEUVE D'ASCQ;FRANCHISE;8520;000001687;Petit Centre-Ville;Malin;;03/10/2005;;8;0
351;VILLENEUVE DE MARSAN;FRANCHISE;8527;000001500;Ruraux;Malin;;01/01/2017;;7;0
669;VILLENEUVE LES AVIGN;INTEGRE;7603;000002647;Petit Centre-Ville;Dynamique;;01/09/2004;;10;4
725;VILLENEUVE LES BEZIE;FRANCHISE;8190;000003500;Grands magasins de périphérie;Dynamique;saisonnier été;28/03/2007;;14;4
5667;VILLENEUVE LOUBET;FRANCHISE;1755;000000920;Banlieue Résidentielle;Malin;saisonnier été;01/10/2016;;7;0
974;VILLEPREUX;FRANCHISE;7922;000002271;Banlieue Résidentielle;Dynamique;;10/11/1984;;12;0
989;VILLERS BOCAGE -14;INTEGRE;8075;000003849;Grands magasins de périphérie;Dynamique;;05/11/1980;;16;4
617;VILLERS BOCAGE -80;INTEGRE;7968;000002330;Grands magasins de périphérie;Dynamique;;23/10/1991;;10;0
734;VILLERS COTT -LECLER;FRANCHISE;7615;000002776;Grands magasins de périphérie;Malin;;31/05/2017;;11;0
1017;VILLERS S/S ST LEU;INTEGRE;7819;000002170;Petit Centre-Ville;Dynamique;;01/07/1987;;11;0
436;VILLEURBANNE;FRANCHISE;8212;000001570;Centre Urbain;Urbain pratique;;01/01/1988;;9;5
732;VILLEURBANNE -GD CLE;FRANCHISE;7626;000001420;Centre Urbain;Urbain pratique;;22/11/2007;;7;6
754;VILLEVIEILLE;INTEGRE;7625;000002400;Grands magasins de périphérie;Dynamique;;01/07/2008;;10;0
686;VIMOUTIERS;FRANCHISE;8577;000001700;Ruraux;Malin;;21/07/2005;;7;0
660;VINCENNES;INTEGRE;7730;000001453;Centre Urbain;Urbain premium;;01/07/2004;;8;5
1161;VINON S/VERDON;FRANCHISE;6999;000002500;Ruraux;Malin;saisonnier été;27/03/2013;;12;0
806;VIRE -DOUITEE;FRANCHISE;8964;000003346;Grands magasins de périphérie;Malin;;01/01/1986;;10;0
7294;VIRY CHATILLON -BARB;FRANCHISE;6680;000000744;Petit Centre-Ville;Urbain pratique;;29/11/2016;;5;0
784;VITRY S/SEINE BELLA;FRANCHISE;8946;000002695;Centre Urbain;Urbain pratique;;03/03/2011;;8;5
865;VITTEL;FRANCHISE;8361;000001617;Petit Centre-Ville;Malin;;03/11/1992;;6;0
852;VIZILLE;INTEGRE;8067;000001692;Grands magasins de périphérie;Dynamique;;25/04/1990;;10;0
1184;VOIRON -COLOMBIER;INTEGRE;8068;000001999;Petit Centre-Ville;Malin;;24/03/1998;;9;0
1054;VOISINS LE BRETONNEU;INTEGRE;7820;000003647;Banlieue Résidentielle;Dynamique;;01/04/1984;;17;5
1164;VONNAS;FRANCHISE;8069;000001950;Ruraux;Malin;;01/11/2017;;9;0
1007;VOUZIERS;FRANCHISE;7821;000002126;Ruraux;Malin;;29/05/2017;;9;0
1240;VOVES -LOIGNY;FRANCHISE;7744;000002150;Ruraux;Malin;;07/03/1989;;10;0
381;WIMILLE;FRANCHISE;7995;000001722;Banlieue Résidentielle;Malin;;01/07/1976;;8;0
418;WINGLES -MEURCHIN;FRANCHISE;7923;000001875;Petit Centre-Ville;Malin;;29/08/2018;;10;0
1055;WITRY LES REIMS;FRANCHISE;7823;000002000;Banlieue Résidentielle;Dynamique;;23/05/2017;;10;0
763;YENNE;FRANCHISE;8613;000001754;Banlieue Résidentielle;Dynamique;;27/11/2008;;7;0
353;YUTZ;INTEGRE;7924;000002044;Grands magasins de périphérie;Malin;;01/12/1986;;7;0
713;YZEURE -BODIN;FRANCHISE;7622;000002490;Grands magasins de périphérie;Dynamique;;01/09/1982;;12;0
